2024 - Tender Sebutharga Summary,,,,,,,Awarded to Gaia,PO from dealer,Cancelled,,,,,,,,,,,,,,,,,,,,,,,,,,,,,,,,,,,,,,,,,,
No ,Starting Date,Due Date,Institutions/University,Reference No,Bidding Title,SalesPerson,Product Brand,Product Model,Amount Value,Submitted Date,Submission Method,Success,Winning Company,Remark,,,,,,,,,,,,,,,,,,,,,,,,,,,,,,,,,,,,,
1,"29 December, 2023","8 January, 2024",UM,Y4/Y401/2023/10/56905,ELISA KIT [ATTN: MDRVAKS],ET Lim,ELK Biotech,Elisa Kits,"RM8,790.00","4 January, 2024",Online Bidding,,Cancelled,,,,,,,,,,,,,,,,,,,,,,,,,,,,,,,,,,,,,,
2,"13 December, 2023","5 January, 2024",UTAR,FS/DBS/2024/E007,RFQ Refrigerated Centrifuge,Choi,Dynamica,Velocity 14R Pro,"RM31,600.00","4 January, 2024",Email,,,,,,,,,,,,,,,,,,,,,,,,,,,,,,,,,,,,,,,,
3,"12 January, 2024","15 January, 2024",UKM ,NETSDP202401037 ,"	MEMBEKAL DAN MENGHANTAR BAHAN ELISA KIT UNTUK KEGUNAAN PENYELIDIKAN AMIRUL HAFIZ-P126176 , PUSAT KAJIAN TOKSIKOLOGI DAN RISIKO KESIHATAN , FSK, UKMKL MENGGUNAKAN PERUNTUKAN TAP -K014805",ET Lim,ELK Biotech,Elisa Kits,"RM1,850.00","12 January, 2024",Online Bidding,No,PLT SCIENTIFIC SDN BHD,,,,,,,,,,,,,,,,,,,,,,,,,,,,,,,,,,,,,,
4,"12 January, 2024","15 January, 2024",UKM ,NETSDP202401119 ,MEMBEKALKAN KEPERLUAN BAHAN PAKAI HABIS PENYELIDIKAN - 1 KB DNA LADDER (DR AHMAD BAZLI),ET Lim,Simply,DNA Ladder,RM270.00,"12 January, 2024",Online Bidding,No,BIOTEK ABADI SDN BHD,,,,,,,,,,,,,,,,,,,,,,,,,,,,,,,,,,,,,,
5,"12 January, 2024","16 January, 2024",UKM ,NETSDP202401114,MEMBEKAL DAN MENGHANTAR PERALATAN `SPIN COATER' UNTUK MAKMAL PENYELIDIKAN N/PKEES 008/2024 PRGS/1/2023/ICT10/UKM/01/01 (KETUA PROJEK : PROF DR MOHD SYUHAIMI BIN AB RAHMAN,Shahrul,Ossila,Spin Coater,"RM14,500.00","16 January, 2024",Online Bidding,No,,,,,,,,,,,,,,,,,,,,,,,,,,,,,,,,,,,,,,,
6,"12 January, 2024","15 January, 2024",UKM ,NETSDP202401037 ,"MEMBEKAL DAN MENGHANTAR BAHAN ELISA KIT UNTUK KEGUNAAN PENYELIDIKAN AMIRUL HAFIZ-P126176 , PUSAT KAJIAN TOKSIKOLOGI DAN RISIKO KESIHATAN , FSK, UKMKL MENGGUNAKAN PERUNTUKAN TAP -K014805",ET Lim,ELK Biotech,Elisa Kits,"RM1,850.00","12 January, 2024",Online Bidding,No,PLT SCIENTIFIC SDN BHD,,,,,,,,,,,,,,,,,,,,,,,,,,,,,,,,,,,,,,
7,"12 January, 2024","15 January, 2024",UKM ,NETSDP202401119 ,"	MEMBEKALKAN KEPERLUAN BAHAN PAKAI HABIS PENYELIDIKAN - 1 KB DNA LADDER (DR AHMAD BAZLI)",ET Lim,Simply,DNA Ladder,RM270.00,"12 January, 2024",Online Bidding,No,BIOTEK ABADI SDN BHD,,,,,,,,,,,,,,,,,,,,,,,,,,,,,,,,,,,,,,
8,"12 January, 2024","17 January, 2024",UKM ,NETSDP202401174,"	
MEMBEKAL, MENGHANTAR, MEMASANG, MENGUJI DAN MENTAULIAH GUNA ALAT VACUUM PUMP UNTUK INSTITUT BIOLOGI SISTEM, UKM.",ET Lim,Rocker,Vacuum Pump 403,"RM2,020.00","16 January, 2024",Online Bidding,No,BIOTEK ABADI SDN BHD,,,,,,,,,,,,,,,,,,,,,,,,,,,,,,,,,,,,,,
9,"17 January, 2024","23 January, 2024",UKM ,NETSDP202401685,MEMBEKAL DAN MENGHANTAR BAHAN PAKAI HABIS ELISA KIT KE JABATAN FARMAKOLOGI MENGGUNAKAN GERAN GUP-2021-034. KETUA GERAN DR. WONG SOK KUAN,ET Lim,ELK Biotech,Elisa Kits,"RM4,740.00","18 January, 2024",Online Bidding,No,INSPHIRO TECHNOLOGIES SDN BHD,,,,,,,,,,,,,,,,,,,,,,,,,,,,,,,,,,,,,,
10,"18 January, 2024","20 January, 2024",UKM ,NETSDP202401911,MEMBEKAL DAN MENGHANTAR BAHAN PAKAI HABIS UNTUK PROJEK PENYELIDIKAN DR SAIFUL MANSOR PERUNTUKAN ST-2022-029 DI JABATAN SAINS BIOLOGI DAN BIOTEKNOLOGI FST,ET Lim,ELK Biotech,Elisa Kits,"RM1,320.00","18 January, 2024",Online Bidding,,,,,,,,,,,,,,,,,,,,,,,,,,,,,,,,,,,,,,,,
11,"18 January, 2024","22 January, 2024",UM,S/S03/2024/01/82274,AUTOCLAVE PREVENTIVE MAINTENANCE & LICENSE RENEWAL,Izad,,PPM Service,"RM1,350.00","22 January, 2024",Online Bidding,No,BIOTEK ABADI SDN BHD,,,,,,,,,,,,,,,,,,,,,,,,,,,,,,,,,,,,,,
12,"17 January, 2024","24 January, 2024",USM,SH3/24/P/PPSG/U/066,"TO SUPPLY, DELIVER, INSTALL AND COMMISSIONING “DIGITAL MICROHARDNESS TESTER” TO SCHOOL
OF DENTAL SCIENCES, HEALTH CAMPUS, UNIVERSITI SAINS MALAYSIA, KUBANG KERIAN, KELANTAN.",Shahrul,Innovatest,Microhardness tester,"RM180,000.00","23 January, 2024",Online Bidding,Yes,DMB (On behalf Gaia),,,,,,,,,,,,,,,,,,,,,,,,,,,,,,,,,,,,,,
13,"22 January, 2024","31 January, 2024",UKM ,NETSDP202402260,"PERKHIDMATAN BAIK PULIH, PENYELENGGARAAN DAN KALIBRASI SEUNIT MINI SPRAY DRYER DI MAKMAL PENGILANGAN & FORMULASI, FAKULTI FARMASI, UKM KKL. GUNA PERUNTUKAN DANA PENYELIDIKAN GUNASAMA UKM 2023.",Tung,Buchi,Replacement parts,"RM12,608.00","23 January, 2024",Online Bidding,Yes,,,,,,,,,,,,,,,,,,,,,,,,,,,,,,,,,,,,,,,
14,"16 January, 2024","30 January, 2024","IPHARM, NIBM",NIBM-IPH/PRC/RFQ/04/2024-01,"MEMBEKAL, MENGHANTAR, MEMASANG, MENGUJI DAN MENTAULIAH SEHINGGA LENGKAP BERFUNGSI PERALATAN TRACKING SYSTEM FOR ANIMAL BEHAVIORAL STUDY DI INSTITUT FARMASEUTIKAL DAN NUTRASEUTIKAL MALAYSIA (IPHARM), NATIONAL INSTITUTES OF BIOTECHNOLOGY MALAYSIA (NIBM)",Choi,Ugo Basile,Animal Tracking System,"RM148,000.00","24 January, 2024",Hardcopy by Courier,,,,,,,,,,,,,,,,,,,,,,,,,,,,,,,,,,,,,,,,
15,"23 January, 2024","30 January, 2024",STRIDE,QT230000000029741,"PEROLEHAN MEMBEKAL, MENGHANTAR, MEMASANG, MENGUJI DAN MENTAULIAH SATU (1) UNIT COLOUR FASTNESS AND LAUNDERING TESTER DI BAHAGIAN TEKNOLOGI PERLINDUNGAN DAN BIOFIZIKAL (BTPB), INSTITUT PENYELIDIKAN SAINS DAN TEKNOLOGI PERTAHANAN (STRIDE), KAJANG, SELANGOR.",Wan Han,ChiuVention,WashTrue,"RM130,000.00","29 January, 2024",Online Bidding,,Cancelled,,,,,,,,,,,,,,,,,,,,,,,,,,,,,,,,,,,,,,
16,"29 January, 2024","31 January, 2024",UKM ,NETSDP202402756,MEMBEKAL DAN MENGHANTAR KIT BAHAN PAKAI HABIS KE JABATAN FARMAKOLOGI UNTUK PENYELIDIKAN MENGGUNAKAN GERAN GUP-2021-034. DR WONG SOK KUAN,ET Lim,OZ Bioscience,In vivo Silence Mag,"RM3,200.00","29 January, 2024",Online Bidding,Yes,,,,,,,,,,,,,,,,,,,,,,,,,,,,,,,,,,,,,,,
17,"25 January, 2024","1 February, 2024",UMP,UMPSA/BEND/EBID/SH.B/2024(9)," MEMBEKAL, MENGHANTAR, MEMASANG, MENGKONFIGURASI DAN MENGUJI SEPULUH UNIT PH METER DI FAKULTI SAINS DAN TEKNOLOGI INDUSTRI, UMPSA KAMPUS GAMBANG.",Huda,Mettler,F20,"RM35,900.00","1 February, 2024",Online Bidding,Yes,,,,,,,,,,,,,,,,,,,,,,,,,,,,,,,,,,,,,,,
18,"25 January, 2024","8 February, 2024",UMP,UMPSA/BEND/EBID.SH/2024(12),"Supply, Delivery, Installation, Testing And Commissioning Of 2 Units Biological Safety Cabinet At Industrial Biotechnology Program, Faculty Of Industrial Sciences And Technology, Universiti Malaysia Pahang Al-Sultan Abdullah
",Syahirah,Healforce,Class II A2 type,"RM139,460.00","7 February, 2024",Hardcopy by Hand,,,,,,,,,,,,,,,,,,,,,,,,,,,,,,,,,,,,,,,,
19,"25 January, 2024","8 February, 2024",UMP,UMPSA/BEND/EBID.SH/2024 (8),"SUPPLY, DELIVERY, INSTALLATION, TESTING AND COMMISSIONING OF 2 UNITS CO2 INCUBATOR AT INDUSTRIAL BIOTECHNOLOGY PROGRAM, FACULTY OF INDUSTRIAL SCIENCES AND TECHNOLOGY, UNIVERSITI MALAYSIA PAHANG AL-SULTAN ABDULLAH",Syahirah,Nuaire,Co2 Incubator,"RM78,400.00","7 February, 2024",Hardcopy by Hand,,,,,,,,,,,,,,,,,,,,,,,,,,,,,,,,,,,,,,,,
20,"16 January, 2024","2 February, 2024",UTAR,FS/FGO/ChangSK/008,RFQ,Choi,Simply,RT-QPCR kit,"RM1,260.00","2 February, 2024",Email,,,,,,,,,,,,,,,,,,,,,,,,,,,,,,,,,,,,,,,,
21,"5 February, 2024","6 February, 2024",Jabil , Req #3364976,Exhaust Hose Connection Kit for #558394 Invitation,Shahrul,Local,Exhaust Hose Connection Kit,RM400.00,"5 February, 2024",Online Bidding,Yes,,,,,,,,,,,,,,,,,,,,,,,,,,,,,,,,,,,,,,,
22,"6 February, 2024","9 February, 2024",UKM ,"	NETSDP202403562","PERKHIDMATAN MEMBEKAL, MEMASANG DAN MENGUJI IC BOARD BAGI PERALATAN PENYELIDIKAN AFM-NX10, JENAMA PARKSYSTEM DI MAKMAL I-CRIM, ALAF-UKM",Tung,Park Systems,,"RM25,000.00","7 February, 2024",Online Bidding,Yes,,,,,,,,,,,,,,,,,,,,,,,,,,,,,,,,,,,,,,,
23,"29 January, 2024","6 February, 2024",Jabatan Kimia Negara,QT240000000000052,MEMBEKAL DAN MENGHANTAR PERALATAN BAGI ANALISIS DNA HAIWAN KE JABATAN KIMIA MALAYSIA NEGERI SARAWAK,Choi,,Multiple equipments,"RM179,170.00","6 February, 2024",Online Bidding,No,Multiple company,,,,,,,,,,,,,,,,,,,,,,,,,,,,,,,,,,,,,,
24,"6 February, 2024","8 February, 2024",UKM ,NETSDP202403435,MEMBEKAL DAN MENGHANTAR BAHAN PAKAI HABIS UNTUK PROJEK PENYELIDIKAN DR NUR HAZLIN HAZRIN CHONG PERUNTUKAN GP-K017901 JABATAN SAINS BIOLOGI DAN BIOTEKNOLOGI FST,ET Lim,ELK Biotech,Elisa Kits,"RM1,170.00","6 February, 2024",Online Bidding,No,BIOTEK ABADI SDN BHD,,,,,,,,,,,,,,,,,,,,,,,,,,,,,,,,,,,,,,
25,"6 February, 2024","9 February, 2024",UKM ,NETSDP202403540 ,MEMBEKAL DAN MENGHANTAR PRIMARY ANTIBODY UNTUK PENYELIDIKAN KE JABATAN FARMAKOLOGI MENGGUNAKAN GERAN FRGS/1/2023/SKK10/UKM/02/3. KETUA GERAN DR WONG SOK KUAN,ET Lim,ELK Biotech,Primary Antibody,"RM2,180.00","7 January, 2024",Online Bidding,No,BIOTEK ABADI SDN BHD,,,,,,,,,,,,,,,,,,,,,,,,,,,,,,,,,,,,,,
25,"9 February, 2024","20 February, 2024",UTAR,FES-R2401P-LowFW-SS01>,"Atomic Force Microscope
(AFM) analysis",Isyraf,Park Systems,Analysis ,"RM1,500.00","19 February, 2024",Hardcopy by Hand,,,,,,,,,,,,,,,,,,,,,,,,,,,,,,,,,,,,,,,,
26,"7 February, 2024","9 February, 2024",USM,USMPT/INDUK/24/02396,PEMBELIAN ASET: PERALATAN UV VIS ( SINGLE BEAM) PP SAINS KIMIA,Megan,Techcomp,S1010,"RM11,000.00","8 January, 2024",Online Bidding,No,LAB SCIENCE SOLUTION SDN. BHD.,,,,,,,,,,,,,,,,,,,,,,,,,,,,,,,,,,,,,,
27,"7 February, 2024","14 February, 2024",UKM ,NETSDP202403752,MEMBEKAL DAN MENGHANTAR BAHAN PAKAI HABIS PENYELIDIKAN ELISA KIT KE JABATAN FARMAKOLOGI UNTUK PENYELIDIKAN MENGGUNAKAN GERAN FRGS/1/2021/SKK0/UKM/02/13. KETUA GERAN PM DR NORLIZA MUHAMMAD,ET Lim,ELK Biotech,Elisa Kits,"RM5,210.00","14 February, 2024",Online Bidding,No,NEXT GENE SCIENTIFIC SDN BHD,,,,,,,,,,,,,,,,,,,,,,,,,,,,,,,,,,,,,,
28,"7 February, 2024","14 February, 2024",UKM ,NETSDP202403753,MEMBEKAL DAN MENGHANTAR BAHAN PAKAI HABIS PENYELIDIKAN ELISA KIT KE JABATAN FARMAKOLOGI UNTUK PENYELIDIKAN MENGGUNAKAN GERAN FRGS/1/2021/SKK0/UKM/02/13. KETUA GERAN PM DR NORLIZA MUHAMMAD,ET Lim,ELK Biotech,Elisa Kits,"RM5,210.00","14 February, 2024",Online Bidding,No,INSPHIRO TECHNOLOGIES SDN BHD,,,,,,,,,,,,,,,,,,,,,,,,,,,,,,,,,,,,,,
29,"6 February, 2024","26 February, 2024",UTAR,FS/DAHS/2024/E008,"Minicentrifuge with rotors for 8 strips PCR tube and 1.5mL microcentrifuge tube, with adapters for 0.4 and 0.5mL tubes For microfiltration and quick spins",Choi,Allsheng,Minicentrifuge Mini-6K,"RM2,556.00","14 February, 2024",Email,,,,,,,,,,,,,,,,,,,,,,,,,,,,,,,,,,,,,,,,
30,"13 February, 2024","15 February, 2024",UKM ,NETSDP202404747,MEMBEKAL DAN MENGHANTAR 1 UNIT HORIZONTAL MICROTUBE HOLDER (ZYMORESEARCH/SETARA) DENGAN PENGHNATARAN PALING PANTAS/CEPAT UNTUK PENYELIDIKAN BETA GLUCAN PROF DR SUZANA SHAHAR MENGGUNAKAN GERAN PERUNTUKAN NN-2022-027,Syahirah,Scientific Industries,Horizontal Microtube Holder,RM980.00,"14 February, 2024",Online Bidding,No,HELIX BIOTECH (M) SDN. BHD.,,,,,,,,,,,,,,,,,,,,,,,,,,,,,,,,,,,,,,
31,"15 February, 2024","20 February, 2024",UKM ,NETSDP202404098,"MEMBEKAL, MENGHANTAR DAN MEMASANG DAN MENGUJI ALAT PROBE SONICATOR UNTUK MAKMAL I-CRIM, UKM",Syahirah,Qsonica,Q125 package,"RM24,400.00","16 February, 2024",Online Bidding,Yes,RASCT SDN. BHD. ,"PO channel (RM20, 690)",,,,,,,,,,,,,,,,,,,,,,,,,,,,,,,,,,,,,
32,"16 February, 2024","22 February, 2024",UiTM,UiTM/B2/PER/PT/B/0224/0088,"CADANGAN MEMBEKAL, MENGHANTAR, MEMASANG DAN MENYELENGGARA SATU (1) UNIT 'FLAMMABLE CABINET' DAN DUA (2) UNIT 'CORROSIVE CABINET' KE FAKULTI PENDIDIKAN, UiTIM KAMPUS PUNCAK ALAM",Syahirah,Justrite,Safety cabinet,"RM19,950.00","19 February, 2024",Online Bidding,Yes,,,,,,,,,,,,,,,,,,,,,,,,,,,,,,,,,,,,,,,
32,"20 February, 2024","26 February, 2024",UM,K/K05/2023/12/67351,LAB CONSUMABLES LABWARE FOR FABRICATION OF BIOSENSOR,Hock Seng,Wiggens,"Glassware , vortex3000","RM1,801.00","22 February, 2024",Online Bidding,Yes,,,,,,,,,,,,,,,,,,,,,,,,,,,,,,,,,,,,,,,
33,"23 February, 2024","26 February, 2024",UM ,K/K06/2023/10/67029,PEMBELIAN EQUIPMENT (RESERVOIR TANK PREFILTER AND CONSUMABLES) UNTUK TUJUAN PENYELIDIKAN,Megan,Millipore,Consumables & tank,"RM18,120.00","23 February, 2024",Online Bidding,Yes,,,,,,,,,,,,,,,,,,,,,,,,,,,,,,,,,,,,,,,
34,"20 February, 2024","3 March, 2024",UKM ,NETSDP202404602,"MEMBEKAL DAN MENGHANTAR ELISA KIT HUMAN AGES UNTUK DR GOON/IZYANI MENGGUNAKAN PERUNTUKAN FF-2020-068, N/P: G12/24",Syahirah,ELK Biotech,Elisa Kit,"RM3,400.00","21 February, 2024",Online Bidding,No,INSPHIRO TECHNOLOGIES SDN BHD,,,,,,,,,,,,,,,,,,,,,,,,,,,,,,,,,,,,,,
35,"20 February, 2024","3 March, 2024",UKM ,NETSDP202404604,"MEMBEKAL DAN MENGHANTAR ELISA KIT HUMAN LEPTIN UNTUK DR GOON/IZYANI MENGGUNAKAN PERUNTUKAN FF-2020-068, N/P: G11/24",Syahirah,ELK Biotech,Elisa Kit,"RM11,360.00","21 February, 2024",Online Bidding,No,INSPHIRO TECHNOLOGIES SDN BHD,,,,,,,,,,,,,,,,,,,,,,,,,,,,,,,,,,,,,,
36,"19 February, 2024","26 February, 2024",JAB. PERIKANAN SARAWAK,QT240000000004379,"SEBUTHARGA MEMBEKAL, MEMASANG DAN MENTAULIAH INSTRUMEN SAINTIFIK
DI MAKMAL PUSAT BIOSEKURITI PERIKANAN WILAYAH SARAWAK, BINTAWA BAGI
TAHUN 2024",Huda,"Interscience, Grant","Flexi pump, Thermoshaker","RM31,200.00","26 February, 2024",Online Bidding,,Cancelled,,,,,,,,,,,,,,,,,,,,,,,,,,,,,,,,,,,,,,
37,"22 February, 2024","1 February, 2024",UTAR KAMPAR,FS/FGO/GohWL/004,RFQ,Choi,ELK Biotech,Elisa Kit,"RM1,250.00","28 February, 2024",Email,,,,,,,,,,,,,,,,,,,,,,,,,,,,,,,,,,,,,,,,
38,"2 February, 2024","28 February, 2024","ABI, NIBM",NIBM-ABI/PRC/TEN/03/2024-001,"PEROLEHAN PERALATAN MAKMAL UNTUK PENAIKTARAFAN MAKMAL TEKNOLOGI MIKROB KEPADA
MAKMAL BERTARAF BIOKESELAMATAN TAHAP 3 (BSL3) DI
ARAS 1, BLOK C, INSTITUT AGROBIOTEKNOLOGI
MALAYSIA (ABI), NATIONAL INSTITUTES OF BIOTECHNOLOGY MALAYSIA (NIBM)",Choi,,Multiple Items,"RM849,940.00","28 February, 2024",Hardcopy by Hand,Yes,,,,,,,,,,,,,,,,,,,,,,,,,,,,,,,,,,,,,,,
39,"29 February, 2024","7 March, 2024",UKM ,NETSDP202405602,"MEMBELI, MEMBEKAL DAN MENGHANTAR BAHAN PAKAI HABIS (OVEN) UNTUK KEGUNAAN KERJA-KERJA PENYELIDIKAN. PERUNTUKAN : GP-2021-K022639. KETUA PROJEK : DR KUHAN CHANDRU",Syahirah,Biobase,Drying Oven,"RM3,200.00","1 March, 2024",Online Bidding,No,RLAND TECHNIC RESOURCES,,,,,,,,,,,,,,,,,,,,,,,,,,,,,,,,,,,,,,
40,"26 February, 2024","6 March, 2024",UKM ,NETSDP202405515,MEMBEKALKAN DAN MENGHANTAR 1 UNIT UNIVERSAL OVEN UNTUK KEGUNAAN MAKMAL HISTOLOGI DI JABATAN FARMAKOLOGI,Syahirah,Biobase,Drying Oven,"RM2,900.00","1 March, 2024",Online Bidding,No,INTERSCIENCE SDN. BHD,,,,,,,,,,,,,,,,,,,,,,,,,,,,,,,,,,,,,,
41,"5 March, 2024","7 March, 2024",UM ,K/K06/2023/10/67028,PEMBELIAN EQUIPMENT (WATER PURIFICATION SYSTEM) UNTIL TUJUAN PENYELIDIKAN.,Megan,Millipore,Direct-Q® 5,"RM19,990.00","5 March, 2024",Online Bidding,Yes,,,,,,,,,,,,,,,,,,,,,,,,,,,,,,,,,,,,,,,
42,"29 February, 2024","7 March, 2024",USM,USMPT/KESIHATAN/24/03922,"MEMBEKAL, MENGHANTAR, MEMASANG DAN KOMISYEN ALATAN SONICATOR KE INFORMM PULAU PINANG",Choi,Qsonica,Q700 sonicator,"RM42,890.00","4 March, 2024",Online Bidding,,Cancelled,,,,,,,,,,,,,,,,,,,,,,,,,,,,,,,,,,,,,,
43,"7 March, 2024","8 March, 2024",UKM ,NETSDP202405990 ,"MEMBEKAL DAN MENGHANTAR BAHAN PENYELIDIKAN (DNA LADDER)KE MAKMAL BIOKESELAMATAN, TINGKAT 3 BLOK C FAKULTI SAINS KESIHATAN UKM MENGGUNAKAN PERUNTUKAN DR YAP WEI BOON GP-K019629",Syahirah,Simply,DNA Ladder,RM310.00,"7 March, 2024",Online Bidding,No,BIOTEK ABADI SDN BHD,,,,,,,,,,,,,,,,,,,,,,,,,,,,,,,,,,,,,,
44,"5 March, 2024","14 March, 2024",UTAR KAMPAR,FSc/DAHS/2024/C010,Quotation for Medical Histology Slide,Choi,Happy Science,Histology Slide Set,"RM4,200.00","7 March, 2024",Online Bidding,Yes,,,,,,,,,,,,,,,,,,,,,,,,,,,,,,,,,,,,,,,
45,"6 March, 2024","7 March, 2024",USM,USMPT/KESIHATAN/24/04181,MEMBEKAL DAN MENGHANTAR KEPERLUAN PENYELIDIKAN (R503-KR-FRG001-0006171332-K134) DR. NUR SALWANI BINTI BAKAR / ASMAA' MOHD SATAR / DR. TAN SUAT CHENG,Syahirah,Merck,consumables,"RM4,900.00","7 March, 2024",Online Bidding,No,BIOTEK ABADI SDN BHD,,,,,,,,,,,,,,,,,,,,,,,,,,,,,,,,,,,,,,
46,"7 March, 2024","9 March, 2024",UKM ,NETSDP202406011,"MEMBEKAL DAN MENGHANTAR ELISA KIT UNTUK PENYELIDIKAN (PROF SUZANA MAKPOL/RIZWANA) DENGAN MENGGUNAKAN PERUNTUKAN TAP-K006488, N/P:G014/24",Syahirah,ELK Biotech,Elisa Kit,"RM4,590.00","7 March, 2024",Online Bidding,No,INSPHIRO TECHNOLOGIES SDN BHD,,,,,,,,,,,,,,,,,,,,,,,,,,,,,,,,,,,,,,
47,"13 March, 2024","15 March, 2024",UM ,K/K06/2023/10/67031,PEMBELIAN ANALYTICAL BALANCE DAN PIPETTE UNTUK TUJUAN PENYELIDIKAN,Megan,Mettler Toledo,Balance & pipette,"RM15,506.00","13 March, 2024",Online Bidding,No,BIOTEK ABADI SDN BHD,,,,,,,,,,,,,,,,,,,,,,,,,,,,,,,,,,,,,,
47,"6 March, 2024","11 March, 2024",UKM ,NETSDP202406134,"MEMBEKAL DAN MENGHANTAR BAHAN PAKAI HABIS (SONICATOR PROBES) KE MAKMAL PENYELIDIKAN FARMASEUTIK, FAKULTI FARMASI, UKM KKL. KETUA PROJEK : PM DR. FAZREN AZMI. PRIHATIN-2021-001/3.",Megan,Qsonica,Probes,"RM4,120.00","11 March, 2024",Online Bidding,Yes,,,,,,,,,,,,,,,,,,,,,,,,,,,,,,,,,,,,,,,
48,"5 March, 2024","19 March, 2024",UTAR KAMPAR,FSc/DAHS/2024/E013,RFQ ELECTROPHORESIS SYSTEM & MICROPIPETTES,Choi,Biobase,BK-VET02,"RM5,170.00","12 March, 2024",Hardcopy by Courier,,,,,,,,,,,,,,,,,,,,,,,,,,,,,,,,,,,,,,,,
48,"6 March, 2024","11 March, 2024",UKM ,NETSDP202406132,"MEMBEKAL DAN MENGHANTAR PERALATAN MAKMAL (LIPID NANOPARTICLE PACK) KE FAKULTI FARMASI, UKM, KKL. [GERAN : PRIHATIN-2021-001/3] [KETUA PROJEK : P.M. DR. FAZREN AZMI]",Shahrul,ElveFlow,Lipid Nanoparticle Pack,"RM47,600.00","11 March, 2024",Online Bidding,Yes,,,,,,,,,,,,,,,,,,,,,,,,,,,,,,,,,,,,,,,
49,"11 March, 2024","13 March, 2024",UKM ,NETSDP202406143 ,"MEMBEKAL DAN MENGHANTAR ELISA KIT (TNF-ALPHA) UNTUK PENYELIDIKAN (PROF DR SUZANA MAKPOL/RIZWANA) DENGAN MENGGUNAKAN PERUNTUKAN FF-2022-402, N/P: G016/24",Syahirah,ELK Biotech,Elisa Kit,"RM1,715.00","12 March, 2024",Online Bidding,No,INSPHIRO TECHNOLOGIES SDN BHD,,,,,,,,,,,,,,,,,,,,,,,,,,,,,,,,,,,,,,
49,"11 March, 2024","13 March, 2024",UM ,Y2/Y201/2024/03/83319,Menyelenggara dan Membaiki Rocker Switch dan Toothed Wheel bagi Vacuum Pump V-700 di IOES (IF045-2019),Huda,Buchi,Parts,"RM2,500.00","12 March, 2024",Online Bidding,Yes,,,,,,,,,,,,,,,,,,,,,,,,,,,,,,,,,,,,,,,
50,"7 March, 2024","14 March, 2024",USM,USMPT/INDUK/24/04329,"TO SUPPLY, DELIVER AND INSTALL RABBIT CAGES",Choi,Hong Teng,Rabbit Cages,"RM19,000.00","14 March, 2024",Online Bidding,No,INTERSCIENCE SDN. BHD.,,,,,,,,,,,,,,,,,,,,,,,,,,,,,,,,,,,,,,
50,"18 March, 2024","21 March, 2024",UM,Y4/Y401/2024/03/57158,"MEMBEKAL DAN MENGHANTAR BLOOD COLLECTION TUBES, SYRINGES AND NEEDLES UNTUK TROPICAL INFECTIOUS DISEASES RESEARCH & EDUCATION CENTRE (TIDREC), UNIVERSITI MALAYA. U/P: DR. POUYA HASSANDARVISH",Syahirah,Kent Scientific,Microvette,"RM3,410.00","18 March, 2024",Online Bidding,Yes,,,,,,,,,,,,,,,,,,,,,,,,,,,,,,,,,,,,,,,
51,"7 March, 2024","14 March, 2024",USM,USMPT/INDUK/24/04384,"	
MEMBEKAL, MENGHANTAR, MEMASANG DAN KOMISYEN ULTRAPURE WATER PURIFICATION SYSTEM",Choi,Adrona,Crystal Ex Bio,"RM22,800.00","14 March, 2024",Online Bidding,No,,,,,,,,,,,,,,,,,,,,,,,,,,,,,,,,,,,,,,,
51,"18 March, 2024","21 March, 2024",UM,Y4/Y401/2024/03/57157,"Purchasing Collison Nebuliser For Aerobiology Research Purposes (Attn: Daniel Chung, AVL HIR Building)",ET Lim,CH Technologies,Collision Nebulizer,"RM12,230.00","18 March, 2024",Online Bidding,Yes,,,,,,,,,,,,,,,,,,,,,,,,,,,,,,,,,,,,,,,
52,"15 March, 2024","25 March, 2024",LGM, LGM/SH/BTK/USTL/2024,Preventive Maintenance Mesin AFM,Tung,Park Systems,Service,"RM11,500.00","21 March, 2024",Hardcopy by Hand,Yes,,,,,,,,,,,,,,,,,,,,,,,,,,,,,,,,,,,,,,,
53,"13 March, 2024","20 March, 2024",UKM ,NETSDP202406390,PENYELENGGARAAN ALAT PENYELIDIKAN DI MAKMAL GENOMIK INBIOSIS - PLANT GROWTH CHAMBER PERCIVAL (DPG),Izad,Percival,Control board,"RM13,450.00","19 March, 2024",Online Bidding,Yes,,,,,,,,,,,,,,,,,,,,,,,,,,,,,,,,,,,,,,,
54,"18 March, 2024","20 March, 2024",UKM ,NETSDP202406650,MEMBEKAL DAN MENGHANTAR BARANG BENCHTOP PH METER UNTUK PENYELIDIKAN MENGGUNAKAN KOD PERUNTUKAN UKM-TR2023-14 KETUA PROJEK TS DR. NURUL AQILAH MOHD ZAINI (FAIE/JSMN/2024/014),Wan Han,Mettler Toledo,F20 pH meter,"RM3,720.00","19 March, 2024",Online Bidding,No,COPENS SCIENTIFIC (M) SDN BHD,,,,,,,,,,,,,,,,,,,,,,,,,,,,,,,,,,,,,,
55,"18 March, 2024","21 March, 2024",UM ,S/S04/2024/02/79891,[TBPJK] PREVENTIVE MAINTENANCE FOR MICROWAVE DIGESTION MARS6,Shadzrin,CEM,PPM,"RM1,500.00","21 March, 2024",Online Bidding,Yes,,,,,,,,,,,,,,,,,,,,,,,,,,,,,,,,,,,,,,,
56,"22 March, 2024","23 March, 2024",UKM ,NETSDP202407286,"MEMBEKAL PERKHIDMATAN BAIK PULIH DAN MENUKAR ALAT GANTI PERALATAN MAKMAL MICROFLUIDIC'S CHAMBER DI FAKULTI FARMASI, UKM, KKL. [GERAN : PRIHATIN-2021-001/3] [KETUA PROJEK : P.M. DR. FAZREN AZMI]",Shahrul,Elveflow,Chamber,"RM49,500.00","22 March, 2024",Online Bidding,Yes,,,,,,,,,,,,,,,,,,,,,,,,,,,,,,,,,,,,,,,
57,"15 March, 2024","18 March, 2024",UKM ,NETSDP202406646 ,"MEMBEKAL, MENGHANTAR, MENGUJITAULIAH MAGNETIC STIRRER WITH HOT PLATE MENGIKUT SPESIFIKASI UNTUK MAKMAL PENYEDIAAN SATELIT ARAS 2 BLOK C , PUSAT CORE,UKMKL MENGGUNAKAN PERUNTUKAN FSK7 KELULUSAN MESYUARAT BAJET BIL.1/2024",Syahirah,Wiggens,Hotplate,"RM1,950.00","18 March, 2024",Online Bidding,No,BIOTEK ABADI SDN BHD,,,,,,,,,,,,,,,,,,,,,,,,,,,,,,,,,,,,,,
58,"15 March, 2024","18 March, 2024",UKM ,NETSDP202406645,"MEMBEKAL, MENGHANTAR, MENGUJITAULIAH VORTEX ORBITAL MENGIKUT SPESIFIKASI UNTUK MAKMAL PENYEDIAAN SATELIT ARAS 2 BLOK C , PUSAT CORE,UKMKL MENGGUNAKAN PERUNTUKAN FSK7 KELULUSAN MESYUARAT BAJET BIL.1/2024",Syahirah,Scientific Industries,Vortex Genie 2,"RM1,920.00","18 March, 2024",Online Bidding,No,BIOTEK ABADI SDN BHD,,,,,,,,,,,,,,,,,,,,,,,,,,,,,,,,,,,,,,
59,"15 March, 2024","19 March, 2024",UKM ,NETSDP202406714 ,MEMBEKAL DAN MENGHANTAR BAHAN PAKAI HABIS (HUMAN VEGF-A) DENGAN MENGGUNAKAN PERUNTUKAN FRGS/1/2020/SKK0/UKM/03/3 UNTUK KEGUNAAN MAKMAL UMBI. N/P : FRGSFENDI/2024/002,Syahirah,ELK Biotech,Elisa Kit,"RM1,770.00","18 March, 2024",Online Bidding,No,GENOMAX TECHNOLOGIES SDN BHD,,,,,,,,,,,,,,,,,,,,,,,,,,,,,,,,,,,,,,
60,"18 March, 2024","19 March, 2024",UKM ,NETSDP202406762 ,"MEMBEKAL DAN MENGHANTAR BAHAN MAKMAL PAKAI HABIS PENYELIDIKAN “DNA LADDER” DI BAWAH GRAN PENYELIDIKAN FRGS/1/2020/SKK0/UKM/03/9 (PROF MADYA DR NORDASHIMA – PELAJAR BARIZAH HANIM ), UNIT HISTOPATOLOGI, JABATAN PATOLOGI, FPUKM.: 7987",Syahirah,Simply,DNA Ladder,RM115.00,"19 March, 2024",Online Bidding,No,APICAL SCIENTIFIC SDN BHD,,,,,,,,,,,,,,,,,,,,,,,,,,,,,,,,,,,,,,
61,"19 March, 2024","22 March, 2024",UKM ,NETSDP202406981 ,MEMBEKAL DAN MENGHANTAR PELBAGAI FILTERED TIPS & MICROTIPS UNTUK PENYELIDIKAN KEPADA DR NOR HASLINDA DI JABATAN O&G (U.P: FAEZ)),Syahirah,Chansow,tips,"RM1,075.00","20 March, 2024",Online Bidding,No,GOLDEN BIOTEK SDN BHD,,,,,,,,,,,,,,,,,,,,,,,,,,,,,,,,,,,,,,
62,"14 March, 2024","21 March, 2024",Makmal Veterinar Zon Tengah,QT240000000004728,"MEMBEKAL, MENGHANTAR DAN MENGUJILARI ELISA READER & WASHER, HISTO TISSUE EMBEDDER MACHINE DAN AUTOCLAVE MACHINE UNTUK KEGUNAAN DI MVZT, SELANGOR",ET Lim,Berthold,Apollo Microplate reader,"RM23,490.00","20 March, 2024",Online Bidding,,Cancelled,,,,,,,,,,,,,,,,,,,,,,,,,,,,,,,,,,,,,,
63,"19 March, 2024","22 March, 2024",UKM ,NETSDP202406975,"MEMBEKAL, MENGHANTAR DAN MENGUJITAULIAH REFRIGERATED MICROCENTRIFUGE KEGUNAAN PROJEK THE MALAYSIAN COHORT.PDE66/ARAJ/COHORT/022/2024",Syahirah,Hettich,Microcentrifuge,"RM33,850.00","22 March, 2024",Online Bidding,No,FC-BIOS SDN BHD,,,,,,,,,,,,,,,,,,,,,,,,,,,,,,,,,,,,,,
64,"21 March, 2024","26 March, 2024",UKM,NETSDP202407145 ,"MEMBEKAL DAN MENGHANTAR ELISA KIT GHRELIN UNTUK PENYELIDIKAN DR GOON/AMIRA MENGGUNAKAN PERUNTUKAN FF-2020-068, N/P: G19/24",Syahirah,ELK Biotech,Elisa Kit,"RM1,885.00","22 March, 2024",Online Bidding,No,INSPHIRO TECHNOLOGIES SDN BHD,,,,,,,,,,,,,,,,,,,,,,,,,,,,,,,,,,,,,,
65,"25 March, 2024","28 March, 2024",Nestlé Manufacturing (Malaysia) Sdn Bhd,3211,Fat by Acid Digestion system which consists of one (1) Acid Hydrolysis unit and one (1) unit of Solvent Fat Extractor,Megan,"Gerhard, Buchi",Acid Digestion system,"RM589,000.00","27 March, 2024",Online Bidding,,,,,,,,,,,,,,,,,,,,,,,,,,,,,,,,,,,,,,,,
66,"21 March, 2024","29 March, 2024",Jabatan Pertanian,QT240000000008919,"SEBUTHARGA MEMBEKAL, MENGHANTAR, MENGUJIGUNA DAN MENTAULIAH PERALATAN MAKMAL UNTUK DIAGNOSTIK PEROSAK TUMBUHAN DI BAHAGIAN BIOSEKURITI TUMBUHAN, JABATAN PERTANIAN, KUALA LUMPUR.
",ET Lim,,Multiple items,"RM60,700.00","27 March, 2024",Online Bidding,Yes,ANALISA RESOURCES (M) SDN. BHD.,"PO channel (RM6,520)",,,,,,,,,,,,,,,,,,,,,,,,,,,,,,,,,,,,,
67,"26 March, 2024","1 April, 2024",USM,USMPT/KESIHATAN/24/05375(S1),PENYELENGGARAN DAN PEMBAIKAN ALATAN CO2 INCUBATOR DI MAKMAL INFORMM PULAU PINANG,Zul,Nuaire,PPM,"RM2,990.00","1 April, 2024",Online Bidding,Yes,,,,,,,,,,,,,,,,,,,,,,,,,,,,,,,,,,,,,,,
68,"20 March, 2024","2 April, 2024",USM,USMPT/KESIHATAN/24/05198,"TO SUPPLY, DELIVER, INSTALL AND COMMISSION ONE (1) UNIT BENCHTOP CENTRIFUGE AT SCHOOL OF HEALTH SCIENCES, UNIVERSITI SAINS MALAYSIA (USM), HEALTH CAMPUS, KUBANG KERIAN, KELANTAN.",Syahirah,Hettich,Centrifuge,"RM44,210.00","1 April, 2024",Online Bidding,No,,,,,,,,,,,,,,,,,,,,,,,,,,,,,,,,,,,,,,,
69,"20 March, 2024","2 April, 2024",USM,USMPT/KESIHATAN/24/05197,"TO SUPPLY, DELIVER, INSTALL AND COMMISSION ONE (1) UNIT BSC CLASS II AT SCHOOL OF HEALTH SCIENCES, UNIVERSITI SAINS MALAYSIA (USM), HEALTH CAMPUS, KUBANG KERIAN, KELANTAN.",Syahirah,Healforce,BSC,"RM31,770.00","1 April, 2024",Online Bidding,No,,,,,,,,,,,,,,,,,,,,,,,,,,,,,,,,,,,,,,,
70,"27 March, 2024","3 April, 2024",Kolej Vocasional Chenor (Pertanian),QT240000000010369,"SEBUTHARGA PEMBELIAN DAN PEROLEHAN MEMBEKAL, MENGHANTAR, MEMASANG DAN MENGUJI PERALATAN MAKMAL KE KOLEJ VOKASIONAL PERTANIAN CHENOR FASA KEDUA TAHUN 2024
",Syahirah,,Multiple items,"RM109,850.00","4 April, 2024",Online Bidding,No,MH DELIMA SDN. BHD.,,,,,,,,,,,,,,,,,,,,,,,,,,,,,,,,,,,,,,
71,"1 April, 2024","15 April, 2024",USM,SH3/24/P/PPSP/U/119,"MEMBEKAL, MENGHANTAR, MEMASANG DAN MENTAULIAH “ CLASS II BIOLOGICAL SAFETY CABINET” KE PUSAT PENGAJIAN SAINS PERUBATAN, KAMPUS KESIHATAN, UNIVERSITI SAINS MALAYSIA, KUBANG KERIAN, KELANTAN",Syahirah,Healforce,BSC,"RM39,560.00","5 April, 2024",Hardcopy by Hand,,,,,,,,,,,,,,,,,,,,,,,,,,,,,,,,,,,,,,,,
72,"8 April, 2024","16 April, 2024",USM,USMPT/INDUK/24/06913,"PELAWAAN BEKALAN PETI SEJUK -80 DARJAH CELSIUS, PUSAT PENGAJIAN SAINS FARMASI",Choi,Biomether Promed,Freezer MDF-86V58,"RM19,500.00","15 April, 2024",Online Bidding,No,SRI HIJRAH (M) SDN. BHD.,,,,,,,,,,,,,,,,,,,,,,,,,,,,,,,,,,,,,,
73,"16 April, 2024","19 April, 2024",UKM,NETSDP202408552,"MEMBEKAL, MENGHANTAR, MEMASANG DAN MENGUJILARI BAHAN ASET UNTUK PENYELIDIKAN PROF. MADYA DR. AZNAN FAZLI ISMAIL, MENGGUNAKAN PERUNTUKAN ST-2024-004, JABATAN FIZIK GUNAAN, FST, UKM BANGI",Syahirah,Wiggens,WH620,"RM15,330.00","17 April, 2024",Online Bidding,No,KUANTAN SUNNY SCIENTIFIC COLLABORATION SDN. BHD,,,,,,,,,,,,,,,,,,,,,,,,,,,,,,,,,,,,,,
74,"1 April, 2024","19 April, 2024",JKM,QT240000000008213,"Membekal dan Menghantar Peralatan Saintifik ke Ibu Pejabat, Jabatan Kimia Malaysia",Huda,,Multiple item,"RM24,430.00","19 April, 2024",Online Bidding,Yes,Multiple company,PO Channel RM2350 (Teras Instruments),,,,,,,,,,,,,,,,,,,,,,,,,,,,,,,,,,,,,
75,"19 April, 2024","22 April, 2024",UKM,NETSDP202408752,"PERKHIDMATAN MEMERIKSA , MEMBAIK PULIH, MEMBEKAL ALAT GANTI DAN MENGUJI SEMULA 1 ELECTRODE BAGI PH METER JENAMA METTLER TOLEDO DI MAKMAL PENYELIDIKAN BIOFARMASI, ARAS 5, BLOK B, UKM KAMPUS KUALA LUMPUR JRM. [ GERAN :FRGS/1/2020/SKK0/UKM/02/1, KETUA : P.M.DR.NORAZRINA BINTI AZMI]",Wan Han,Mettler Toledo,LE438,"RM1,220.00","19 April, 2024",Online Bidding,Yes,,,,,,,,,,,,,,,,,,,,,,,,,,,,,,,,,,,,,,,
76,"2 April, 2024","17 April, 2024",Sime Darby Plantation Technology Centre Sdn Bhd,T/SDPTC/2024/03/002,"DELIVERY, INSTALLATION AND COMMISIONING OF LGEM PHOTOBIOREACTOR PILOT-1700 AT KKS SUA BETONG",Choi,Lgem,Photobioreactor,"RM698,000.00","17 April, 2024",Email,No,,,,,,,,,,,,,,,,,,,,,,,,,,,,,,,,,,,,,,,
77,"16 April, 2024","23 April, 2024",Jabatan Perkhidmatan Veterinar,QT240000000007571,"MEMBEKAL, MENGHANTAR, MEMASANG DAN MENGUJILARI PERALATAN PEMBIAKBAKAAN DAN PENYIMPANAN CECAIR KRIOAWETAN (NITROGEN) KEPADA JABATAN PERKHIDMATAN VETERINAR",Choi,Antech,CryoCenter 240S,"RM305,000.00","23 April, 2024",Online Bidding,No,AVELAB SOLUTION SDN. BHD.,,,,,,,,,,,,,,,,,,,,,,,,,,,,,,,,,,,,,,
78,"17 April, 2024","24 April, 2024",JAB. PERIKANAN SARAWAK (RETENDER),QT240000000011013,"Sebutharga Membekal, Memasang Dan Mentauliah Instrumen Saintifik Di Makmal Pusat Biosekuriti Perikanan Wilayah Sarawak, Bintawa Bagi Tahun 2024",Huda,,Multiple items,"RM102,700.00","24 April, 2024",Online Bidding,No,METRO JENDELA SDN. BH,,,,,,,,,,,,,,,,,,,,,,,,,,,,,,,,,,,,,,
79,"17 April, 2024","24 April, 2024","MAKMAL VETERINAR ZON TIMUR (PAHANG)
",QT240000000011154,"MEMBEKAL, MENGHANTAR, MENURUNKAN, MEMASANG, DAN MENGUJI LARI BAGI PERALATAN PENYELIDIKAN KEGUNAAN MAKMAL VETERINAR ZON TIMUR (PAHANG).
",Syahirah,,Multiple Items,"RM63,270.00","23 April, 2024",Online Bidding,No,ERA BUMI SAINS SDN. BHD.,,,,,,,,,,,,,,,,,,,,,,,,,,,,,,,,,,,,,,
80,"16 April, 2024","23 April, 2024",MAKMAL VETERINAR ZON SELATAN,QT240000000010953?,"PEROLEHAN MEMBEKAL, MENGHANTAR, MENGUJI DAN MENTAULIAH PERALATAN MAKMAL UNTUK KEGUNAAN DI MAKMAL VETERINAR ZON SELATAN",ET Lim,Mopec,Autopsy Saw,"RM22,200.00","22 April, 2024",Online Bidding,No,VNK SUPPLY & SERVICES,REX,,,,,,,,,,,,,,,,,,,,,,,,,,,,,,,,,,,,,
81,"29 April, 2024","7 May, 2024",UKM,NETSDP202409369,"MEMBEKAL DAN MENGHANTAR BAHAN PAKAI HABIS DAN PERALATAN ASET UNTUK PENYELIDIKAN PROF. MADYA DR. AZNAN FAZLI ISMAIL, MENGGUNAKAN PERUNTUKAN ST-2024-004, JABATAN FIZIK GUNAAN, FST, UKM BANGI",Wan Han,Rocker Scientific,Rocker 300 & filtration assembly,"RM6,019.00","29 April, 2024",Online Bidding,No,EVERGREEN ENGINEERING & RESOURCES,,,,,,,,,,,,,,,,,,,,,,,,,,,,,,,,,,,,,,
82,"29 April, 2024","30 April, 2024",UKM,NETSDP202409380,"MEMBEKAL PERKHIDMATAN BAIK PULIH DAN MENUKAR ALAT GANTI PERALATAN MAKMAL MICROFLUIDIC'S CHAMBER DI FAKULTI FARMASI, UKM, KKL. [GERAN : PRIHATIN-2021-001/3] [KETUA PROJEK : P.M. DR. FAZREN AZMI]",Shahrul,Microfluidic,LV1,"RM49,500.00","30 April, 2024",Online Bidding,Yes,,,,,,,,,,,,,,,,,,,,,,,,,,,,,,,,,,,,,,,
83,"26 April, 2024","3 May, 2024",STRIDE (RETENDER),QT240000000010678,"PEROLEHAN MEMBEKAL, MENGHANTAR, MEMASANG, MENGUJI DAN MENTAULIAH SATU (1) UNIT COLOUR FASTNESS AND LAUNDERING TESTER DI BAHAGIAN TEKNOLOGI PERLINDUNGAN DAN BIOFIZIKAL (BTPB), INSTITUT PENYELIDIKAN SAINS DAN TEKNOLOGI PERTAHANAN (STRIDE), KAJANG, SELANGOR.",Wan Han,ChiuVention,WashTrue,"RM135,000.00","3 May, 2024",Online Bidding,No,Ms Instrument (SEA) Sdn Bhd,,,,,,,,,,,,,,,,,,,,,,,,,,,,,,,,,,,,,,
84,"22 April, 2024","7 May, 2024",NAHRIM,QT240000000005430,"MEMBEKAL, MENGHANTAR, MEMASANG, MENGUJIGUNA DAN MENTAULIAH PELBAGAI PERALATAN MAKMAL KIMIA UNTUK MAKMAL KUALITI AIR, NAHRIM",Wan Han,Organomation,N-EVAP 24 position,"RM44,594.00","3 May, 2024",Online Bidding,Yes,LAB SCIENCE SOLUTION SDN. BHD.,"PO channel (RM37,150)",,,,,,,,,,,,,,,,,,,,,,,,,,,,,,,,,,,,,
85,"3 May, 2024","4 May, 2024",WILMAR,WPP 8811001155,N2 EVAPORATOR,Wan Han,Organomation,N-EVAP 24 Position,"RM32,500.00","3 May, 2024",Online Bidding,Yes,,,,,,,,,,,,,,,,,,,,,,,,,,,,,,,,,,,,,,,
86,"23 April, 2024","6 April, 2024",USM,SH1/24/P/CIPPT/U/00044,"TO SUPPLY, DELIVER, INSTALL AND COMMISSIONING SMALL ANIMAL CAGES AND RACK SYSTEM TO INSTITUT PERUBATAN DAN PERGIGIAN TERMAJU, UNIVERSITI SAINS MALAYSIA, BERTAM, 13200 KEPALA BATAS, PULAU PINANG.",Choi,Hong Teng,Cages,"RM168,740.00","3 May, 2024",Hardcopy by Hand,,,,,,,,,,,,,,,,,,,,,,,,,,,,,,,,,,,,,,,,
87,"23 April, 2024","6 April, 2024",USM,SH1/24/P/CIPPT/U/00045,"TO SUPPLY, DELIVER, INSTALL AND COMMISSIONING INDIVIDUALLY VENTILATED CAGING TO INSTITUT PERUBATAN DAN PERGIGIAN TERMAJU, UNIVERSITI SAINS MALAYSIA, BERTAM, 13200 KEPALA BATAS, PULAU PINANG.",Choi,Hong Teng,Cages,"RM168,740.00","3 May, 2024",Hardcopy by Hand,,,,,,,,,,,,,,,,,,,,,,,,,,,,,,,,,,,,,,,,
89,"24 April, 2024","6 May, 2024",USM,A305/2024/USMKK/102/0000000326/A1435/1,"TENDER TITLE: TO SUPPLY, DELIVER, INSTALL AND COMMISSIONING “SPEEDMIXER” TO SCHOOL OF DENTAL SCIENCES, HEALTH CAMPUS,
UNIVERSITI SAINS MALAYSIA, KUBANG KERIAN, KELANTAN.",Shahrul,Kakuhunter,Speed Mixer,"RM39,800.00","6 May, 2024",Online Bidding,Yes,DMB (on behalf Gaia),,,,,,,,,,,,,,,,,,,,,,,,,,,,,,,,,,,,,,
90,"29 April, 2024","6 May, 2024",Petronas Research,RFP-000000103599,MEMBRANE EXCHANGE ASSEMBLY (MEA) FABRICATION EQUIPMENT ,Shahrul,Sonotek,Spray Coating system,"RM1,300,450.00","6 May, 2024",Online Bidding,No,,,,,,,,,,,,,,,,,,,,,,,,,,,,,,,,,,,,,,,
91,"2 May, 2024","9 May, 2024",JABATAN PERHUTANAN SEMENANJUNG MALAYSIA,QT240000000007382,JH(SH)19/2024 - MEMBEKAL DAN MENGHANTAR PERALATAN MAKMAL FORENSIK PERHUTANAN,Syahirah,,Multiple items,"RM105,105.00","8 May, 2024",Online Bidding,No,ERA SAINS ENTERPRISE,,,,,,,,,,,,,,,,,,,,,,,,,,,,,,,,,,,,,,
92,"30 April, 2024","9 May, 2024",Hospital UiTM Puncak Alam,"UiTM/B6/PER/SHR/B/0424/0032
","CADANGAN MEMBEKAL, MENGHANTAR DAN MENGUJILARI PERALATAN MAKMAL BAGI KEGUNAAN UNIT IMUNOLOGI DI JABATAN MAKMAL DIAGNOSTIK KLINIKAL, HOSPITAL AL-SULTAN ABDULLAH UiTM PUNCAK ALAM",ET Lim,Logos Biosystem,Luna FX-7,"RM91,600.00","8 May, 2024",Online Bidding,Yes,,,,,,,,,,,,,,,,,,,,,,,,,,,,,,,,,,,,,,,
93,"13 May, 2024","14 May, 2024",USM,USMPT/KESIHATAN/24/08897,MEMBEKAL DAN MENGHANTAR KEPERLUAN PENYELIDIKAN (R503-KR-FRG001-0006171368-K134) DR. TAN SUAT CHENG / ASMAA' MOHD SATAR,Syahirah,Sigma/Merck,consumables,"RM4,535.00","13 May, 2024",Online Bidding,No,BIOTEK ABADI SDN BHD,,,,,,,,,,,,,,,,,,,,,,,,,,,,,,,,,,,,,,
94,"14 May, 2024","20 May, 2024",UKM,NETSDP202410388,"011/24 UKKH : MEMESAN , MEMBEKAL DAN MENGHANTAR MICROPLATE ELISA READER UNTUK UKMCC , FST",Syahirah,Berthold,Apollo LB 917 Microplate reader,"RM31,500.00","16 May, 2024",Online Bidding,No,CHEMOPHARM SDN BHD,,,,,,,,,,,,,,,,,,,,,,,,,,,,,,,,,,,,,,
95,"10 May, 2024","17 May, 2024",UTAR KAMPAR,FS/FGO/ClementWong-FRGS/016,RFQ,Choi,Simply,consumables,"RM3,285.00","16 May, 2024",Email,,,,,,,,,,,,,,,,,,,,,,,,,,,,,,,,,,,,,,,,
96,"10 May, 2024","17 May, 2024",UTAR KAMPAR,FS/FGO/Ismaliza-FRGS/013,RFQ,Choi,Simply,consumables,RM500.00,"16 May, 2024",Email,,,,,,,,,,,,,,,,,,,,,,,,,,,,,,,,,,,,,,,,
97,"16 May, 2024","20 May, 2024",UKM,NETSDP202410679,MEMBEKAL DAN MENGHANTAR PERALATAN (COMPACT SPIN COATER EZ4S) UNTUK MAKMAL PENYELIDIKAN N/PKEES 073/2024 MENGGUNAKAN PERUNTUKAN PRGS/1/2023/ICT10/UKM/01/1,Shahrul,CYSI,EZ4S,"RM9,500.00","17 May, 2024",Online Bidding,Yes,,,,,,,,,,,,,,,,,,,,,,,,,,,,,,,,,,,,,,,
98,"7 May, 2024","20 May, 2024",Agensi Nuklear Malaysia,QT240000000013535,"MEMBEKAL, MENGHANTAR, MEMASANG, MENGUJI DAN MENTAULIAH PELBAGAI JENIS PERALATAN KECIL UNTUK FASILITI PENGELUARAN KIT RADIOFARMASEUTIKAL DAN MAKMAL PRA-KLINIKAL AGENSI NUKLEAR MALAYSIA - SH.55/2024",Syahirah,,Multiple items,"RM111,950.00","17 May, 2024",Online Bidding,No,METRO JENDELA SDN. BHD.,,,,,,,,,,,,,,,,,,,,,,,,,,,,,,,,,,,,,,
99,"17 May, 2024","21 May, 2024",Lembaga Getah Malaysia,LGM/SH/UPIB/TEM/24/05-1,PEMBELIAN NON-CONTACT MODE CANTILEVER,Isyraf,Park System,Non-contact mode cantilever,"RM3,300.00","21 May, 2024",Email,Yes,,,,,,,,,,,,,,,,,,,,,,,,,,,,,,,,,,,,,,,
100,"20 May, 2024","23 May, 2024",USM,USMPT/KESIHATAN/24/08608(S1),PREVENTIVE MAINTENANCE AND SERVICES TWO UNIT OF CO2 INCUBATOR AT INFORMM PULAU PINANG,Zul,Nuaire,PPM,"RM6,620.00","23 May, 2024",Online Bidding,No,SETIAMED RESOURCES,,,,,,,,,,,,,,,,,,,,,,,,,,,,,,,,,,,,,,
101,"14 May, 2024","28 May, 2024",UMP,EBIDKEW1000/24/0057,"SUPPLY, DELIVERY, INSTALLATION, TESTING AND COMMISSIONING FOR THE REPLACEMENT OF OBSOLETE UV-VIS SPECTROPHOTOMETER, FACULTY OF CHEMICAL AND PROCESS ENGINEERING TECHNOLOGY, UNIVERSITI MALAYSIA PAHANG AL-SULTAN ABDULLAH",Huda,Hitachi,UH5300,"RM477,000.00","24 May, 2024",Hardcopy by Courier,,,,,,,,,,,,,,,,,,,,,,,,,,,,,,,,,,,,,,,,
101,"15 May, 2024","28 May, 2024",UCMI,UCMI/TENDER/04/2024/T,"TENDER PEMBELIAN, PEMBEKALAN, PEMASANGAN DAN PERKHIDMATAN SELEPAS JUALAN BAGI PERALATAN YANG DIGUNAKAN UNTUK TUJUAN PENGAJARAN DAN PEMBELAJARAN PRAKTIKAL BAGI PROGRAM BACHELOR OF SCIENCE IN PHARMACEUTICAL TECHNOLOGY (HONOURS) AND BACHELOR OF PHARMACY (HONOURS)",Wan Han,Hitachi & Lamy Rheology,HPLC & Rheometer,"RM471,000.00","28 May, 2024",Hardcopy by Hand,,,Retender,,,,,,,,,,,,,,,,,,,,,,,,,,,,,,,,,,,,,
102,"23 May, 2024","28 May, 2024",USM (RETENDER),USMPT/KESIHATAN/24/03922(S2),"(MEMBEKAL, MENGHANTAR, MEMASANG DAN KOMISYEN ALATAN SONICATOR KE INFORMM PULAU PINANG)",Choi,Qsonica,Q700,"RM45,000.00","27 May, 2024",Online Bidding,No,MARSINI SDN BHD,,,,,,,,,,,,,,,,,,,,,,,,,,,,,,,,,,,,,,
103,"23 May, 2024","29 May, 2024",UKM,NETSDP202411081,"MEMBEKAL, MENGHANTAR, MEMASANG, MENGUJI DAN MENTAULIAHGUNA ""TANK LN2 STORAGE"" KEPADA PUSAT REPRODUKTIF TERMAJU, ARC, HCTM.",Syahirah,Statebourne,Cryotank,"RM25,560.00","28 May, 2024",Online Bidding,No,INNERVATE TECH SDN. BHD.,,,,,,,,,,,,,,,,,,,,,,,,,,,,,,,,,,,,,,
104,"20 May, 2024","2 June, 2024",USM,"SH3/24/P/PPSP/U/182
","MEMBEKAL, MENGHANTAR, MEMASANG DAN MENTAULIAH ""CO2 INCUBATOR"" KE PUSAT PENGAJIAN SAINS PERUBATAN, KAMPUS KESIHATAN, KUBANG KERIAN, KELANTAN. ",Syahirah,Nuaire,CO2 Incubator,"RM54,690.00","29 May, 2024",Hardcopy by Courier,,,,,,,,,,,,,,,,,,,,,,,,,,,,,,,,,,,,,,,,
105,"27 May, 2024","31 May, 2024",UTAR Sg Long,MK FMHS/RFQ/24/081,RFQ CO2 Incubator,ET Lim,Nuaire,CO2 Incubator,"RM79,080.00","29 May, 2024",Hardcopy by Hand,,,,,,,,,,,,,,,,,,,,,,,,,,,,,,,,,,,,,,,,
106,"30 April, 2024","30 May, 2024",Gamuda Berhad, ,"Proposed Development of Sg. Rasau Water Supply Scheme (Stage 1), Selangor Darul Ehsan Package 1 - Design and Build of Proposed Rasau Intake, Raw Water Pumping Mains,
Water Treatment Plant and Associated Works",Mr Chang,,Multiple items,"RM10,868,686.00","30 May, 2024",Online Bidding,,,,,,,,,,,,,,,,,,,,,,,,,,,,,,,,,,,,,,,,
107,"30 May, 2024","4 June, 2024",UKM,NETSDP202411539,"MEMBEKAL, MENGHANTAR, MEMASANG, MENGUJI DAN MENTAULIAHGUNA PERALATAN BIOHAZARD SAFETY CABINET DI MAKMAL TISU KULTUR .PERUNTUKAN CREST-2024-002.PM DR MASFUEH.NP/CREST/MR/01/2024
",Syahirah,Healforce,BSC,"RM31,660.00","31 May, 2024",Online Bidding,No,MATRIOUX (M) SDN BHD,,,,,,,,,,,,,,,,,,,,,,,,,,,,,,,,,,,,,,
108,"4 June, 2024","6 June, 2024",UTAR KAMPAR,FSc/DAHS/2024/E016,RFQ 3 DOOR CHILLER,Choi,Hoshizaki,3 door Chiller,"RM13,800.00","4 June, 2024",Hardcopy by Courier,,,,,,,,,,,,,,,,,,,,,,,,,,,,,,,,,,,,,,,,
109,"4 June, 2024","6 June, 2024",UTAR KAMPAR,FSc/DAHS/2024/E018,RFQ REFRIGERATED MICROCENTRIFUGE,Choi,Dlab,refrigerated microcentrifuge,"RM17,200.00","4 June, 2024",hardcopy by courier,,,,,,,,,,,,,,,,,,,,,,,,,,,,,,,,,,,,,,,,
110,"4 June, 2024","6 June, 2024",UKM,NETSDP202411811,MEMBEKAL DAN MENGHANTAR ELISA KIT UNTUK PROJEK PENYELIDIKAN DR SUMAIYAH MAT MENGGUNAKAN GERAN PERUNTUKAN FRGS/1/2021/SKK0/UKM/02/15,Syahirah,ELK Biotech,Elisa Kit,"RM6,745.00","5 June, 2024",Online Bidding,No,WAN CARE SCIENTIFIC SDN BHD,,,,,,,,,,,,,,,,,,,,,,,,,,,,,,,,,,,,,,
111,"5 June, 2024","6 June, 2024",UKM,NETSDP202411901,MEMBEKAL DAN MENGHANTAR KEPERLUAN ALAT PENYELIDIKAN - 2-GEL VERTICAL ELECTROPHORESIS SYSTEM,Syahirah,Biobase,Electrophoresis system,"RM7,160.00","6 June, 2024",Online Bidding,No,INTERSCIENCE SDN. BHD.,,,,,,,,,,,,,,,,,,,,,,,,,,,,,,,,,,,,,,
112,"5 June, 2024","7 June, 2024",Radicare BidAsia,8164,RMSB Microwave Digester,Thaqib,CEM,Replacement parts Mars 6,"RM5,944.00","6 June, 2024",Online Bidding,Yes,,,,,,,,,,,,,,,,,,,,,,,,,,,,,,,,,,,,,,,
113,"29 May, 2024","7 June, 2024",USM,USMPT/INDUK/24/09794(S1),MEMBEKAL BAHAN REAGEN (DR NOR ADLIN) - O-RINGS,Choi,Kent Scientific ,Occlusion Cuff,"RM1,680.00","6 June, 2024",Online Bidding,Yes,,,,,,,,,,,,,,,,,,,,,,,,,,,,,,,,,,,,,,,
114,"7 June, 2024","12 June, 2024",UKM,NETSDP202412079,"IUKC/8/2024 MEMBEKAL, MENGHANTAR, MEMASANG DAN MENGUJI LARI ALATAN MAKMAL BENCHTOP PH METER, UNIT KROMATOGRAFI CECAIR SMI, FST",Wan Han,Mettler Toledo,F20,"RM3,720.00","7 June, 2024",Online Bidding,No,BIO3 SCIENTIFIC SDN. BHD.,,,,,,,,,,,,,,,,,,,,,,,,,,,,,,,,,,,,,,
115,"31 May, 2024","13 June, 2024",UMP,UMPSA/BEND/EBID.SH/2024(69),"SUPPLY, DELIVERY, INSTALLATION, TESTING, COMMISSIONING AND REPLACEMENT AN OBSOLETE GEL IMAGING SYSTEM FOR FACULTY OF INDUSTRIAL SCIENCES AND TECHNOLOGY, UNIVERSITI MALAYSIA PAHANG AL-SULTAN ABDULLAH
",ET Lim,Uvitec,Gel Imaging system,"RM79,000.00","12 June, 2024",Hardcopy by Hand,,,,,,,,,,,,,,,,,,,,,,,,,,,,,,,,,,,,,,,,
116,"5 June, 2024","12 June, 2024",Institut Pentelidikan Veterinar,QT240000000016735,"MEMBEKAL, MENGHANTAR, MEMASANG, MENGUJILARI DAN MENTAULIAH SATU (1) UNIT REAL TIME PCR DAN DUA (2) UNIT BIOSATETY CABINET UNTUK PROJEK NAIKTARAF SEBUAH MAKMAL MINI BSL3 DAN SEBUAH MAKMAL BSL2 DI INSTITUT PENYELIDIKAN VETERINAR, IPOH",Choi,Nuaire,BSC,"RM102,600.00","12 June, 2024",Online Bidding,No,"	MIANTO SDN. BHD.",,,,,,,,,,,,,,,,,,,,,,,,,,,,,,,,,,,,,,
117,"6 June, 2024","12 June, 2024",USIM,USIMDP202400463,PEROLEHAN BIOLOGICAL SAFETY CABINATE MAKMAL PENYELIDIKAN,ET Lim,Biobase,BSC,"RM29,900.00","11 June, 2024",Online Bidding,No,MYLAB SCIENTIFIC SDN BHD,,,,,,,,,,,,,,,,,,,,,,,,,,,,,,,,,,,,,,
118,"12 June, 2024","14 June, 2024",USM,USMPT/INDUK/24/11239,HEATING BLOCK (NO.RUJUKAN: D201/2024/USMKI/077/744310/A1435/6),Megan,Grant,Heating block QBD2,"RM6,600.00","12 June, 2024",Online Bidding,Yes,,,,,,,,,,,,,,,,,,,,,,,,,,,,,,,,,,,,,,,
119,"13 June, 2024","14 June, 2024",UKM,NETSDP202412652,"MEMBEKAL DAN MENGHANTAR BAHAN PENYELIDIKAN "" ALDOSTERONE ELISA KIT "" UNTUK KEGUNAAN PROF MADYA DR. ELENA AISHA KOD PROJEK: LRGS/1/2021/SKK15/UKM/02/2",Syahirah,ELK Biotech,Elisa Kit,"RM1,620.00","13 June, 2024",Online Bidding,No,,,,,,,,,,,,,,,,,,,,,,,,,,,,,,,,,,,,,,,
120,"12 June, 2024","14 June, 2024",USM,USMPT/INDUK/24/11213,"TO SUPPLY, DELIVER, INSTALL AND COMMISSIONING PCR MACHINE TO CLINICAL DIAGNOSTIC LABORATORY (CDL), PUSAT PERUBATAN USM BERTAM (PPUSMB)",Choi,Blueray,Gradient TurboCycler 2,"RM20,800.00","13 June, 2024",Online Bidding,No,EPPENDORF ASIA PACIFIC SDN. BHD.,,,,,,,,,,,,,,,,,,,,,,,,,,,,,,,,,,,,,,
121,"12 June, 2024","14 June, 2024",USM,USMPT/INDUK/24/11211,"TO SUPPLY, DELIVER, INSTALL AND COMMISSIONING MEDICAL REFRIGERATOR TO CLINICAL DIAGNOSTIC LABORATORY (CDL), PUSAT PERUBATAN USM BERTAM (PPUSMB)",Choi,Biomether,Refrigerator,"RM8,900.00","13 June, 2024",Online Bidding,No,RIDGE BIOMED SDN BHD,,,,,,,,,,,,,,,,,,,,,,,,,,,,,,,,,,,,,,
122,"13 June, 2024","18 June, 2024",UKM ,NETSDP202412716,"MEMBEKAL DAN MENGHANTAR ELISA KIT UNTUK PROJEK PENYELIDIKAN DR YOU YEE XING MENGGUNAKAN GERAN PERUNTUKAN FRGS/1/2023/SKK06/UKM/02/8
",Syahirah,ELK Biotech,Elisa Kit,"RM1,885.00","14 June, 2024",Online Bidding,No,INSPHIRO TECHNOLOGIES SDN BHD,,,,,,,,,,,,,,,,,,,,,,,,,,,,,,,,,,,,,,
123,"11 June, 2024","18 June, 2024",Makmal Kesihatan Awam Kebangsaan,QT240000000018981,"SEBUT HARGA MEMBEKAL, MENGHANTAR, MEMASANG DAN MENGUJILARI 23 JENIS PERALATAN MAKMAL DI MAKMAL KESIHATAN AWAM VETERINAR KEBANGSAAN, JABATAN PERKHIDMATAN VETERINAR MALAYSIA",ET Lim,,Multiple items,"RM18,481.00","18 June, 2024",Online Bidding,No,BENUA SAINS SDN. BHD.,,,,,,,,,,,,,,,,,,,,,,,,,,,,,,,,,,,,,,
124,"21 June, 2024","24 June, 2024",NIH,SQ240000000560478,"LUNA atm Cell counting Slides, 50 Slides",Syahirah,,Luna counting slide,RM700.00,"21 June, 2024",Online Bidding,Yes,,,,,,,,,,,,,,,,,,,,,,,,,,,,,,,,,,,,,,,
125,"21 June, 2024","27 June, 2024",UKM,NETSDP202413254 ,"MEMBEKAL DAN MENGHANTAR BAHAN KIMIA 2 UNTUK AINA NADHIRAH/ DR AKIDAH MENGGUNAKAN PERUNTUKAN HICOE-2023-006, INSTITUT SEL FUEL UKM",Hock Seng,Merck,Spinel powder & Terpineol,"RM6,290.00","24 June, 2024",Online Bidding,Yes,,,,,,,,,,,,,,,,,,,,,,,,,,,,,,,,,,,,,,,
126,"19 June, 2024","25 June, 2024",UTAR Sg Long,MK FMHS/RFQ/24/092,Patholgy Slides,ET Lim,Happy Science,Prepared Slides,"RM1,950.00","25 June, 2024",Email,,,,,,,,,,,,,,,,,,,,,,,,,,,,,,,,,,,,,,,,
127,"21 June, 2024","26 June, 2024",UKM,NETSDP202413255,"MEMBEKAL DAN MENGHANTAR PERALATAN MAKMAL UNTUK AINA NADHIRAH/ DR AKIDAH MENGGUNAKAN PERUNTUKAN HICOE-2023-006, INSTITUT SEL FUEL UKM",Wan Han,Mettler Toledo,Density kit,"RM15,270.00","25 June, 2024",Online Bidding,,,,,,,,,,,,,,,,,,,,,,,,,,,,,,,,,,,,,,,,
128,"20 June, 2024","26 June, 2024",UTAR ,FS/FGO/EeKY/004,[Invitation] Request for Quotation 20-6-2024 (FS/FGO/EeKY/004),Choi,Simply,consumables,"RM1,665.00","25 June, 2024",Email,,,,,,,,,,,,,,,,,,,,,,,,,,,,,,,,,,,,,,,,
129,"18 June, 2024","24 June, 2024",UTAR,MK FMHS/RFQ/24/095,Preventive Maintenance for Motic Inverted Microscope,Izad,Motic,PPM,RM750.00,"24 June, 2024",Email,,,,,,,,,,,,,,,,,,,,,,,,,,,,,,,,,,,,,,,,
130,"24 June, 2024","27 June, 2024",USM,USMPT/INDUK/24/11996,WATER DISTILLER (BASIC WATER STILL W4L WITH METAL HEATER - PUAN NURUL ARLITA KUSHIAR,Megan,Favorit,Water still,"RM2,000.00","25 June, 2024",Online Bidding,No,MODERN-LAB CHEMICALS SDN BHD,,,,,,,,,,,,,,,,,,,,,,,,,,,,,,,,,,,,,,
131,"26 June, 2024","1 July, 2024",UM,S/S07/2024/06/79389,1 PFM (OR) mode for 2 samples Inclusive of: AFM Sample Evaluation for 2 samples image of surface and PFM topography per sample 1 point PFM analysis per sample Sample preparation (Apply Ag paste) Raw data and report,Isyraf,Park Systems,Sample evaluation service,RM500.00,"27 June, 2024",Online Bidding,Yes,,,,,,,,,,,,,,,,,,,,,,,,,,,,,,,,,,,,,,,
132,"25 June, 2024","28 June, 2024",SIRIM,EQ-2024-2572,Preventive Maintenance & Service of CO2 Incubator,Zul,Nuaire,CO2 Incubator PPM,"RM2,990.00","27 June, 2024",Online Bidding,Yes,,,,,,,,,,,,,,,,,,,,,,,,,,,,,,,,,,,,,,,
133,"27 June, 2024","1 July, 2024",WILMAR,4656699609,"WPP ROTINA BENCHTOP CENTRIFUGE.
",Wan Han,Hettich,Centrifuge ROTINA 380,"RM30,500.00","28 June, 2024",Online Bidding,Yes,,,,,,,,,,,,,,,,,,,,,,,,,,,,,,,,,,,,,,,
134,"2 July, 2024","5 July, 2024",UM,D/J83/2024/06/2,"MEMOHON PEMBELIAN PH METER DI MAKMAL PENYELIDIKAN BIOBAHAN.
",Huda,Mettler Toledo,F20,"RM3,600.00","2 July, 2024",Online Bidding,No,AZTEC SINAR SDN BHD,,,,,,,,,,,,,,,,,,,,,,,,,,,,,,,,,,,,,,
135,"2 July, 2024","9 July, 2024",LGM,LGM/SH/BKPT/UPKS/07-002/24,"Membekal Glassware Bagi Projek Phthalate ISTC876
(Test Method CPSC 9.4)",Huda,,Consumables,"RM2,866.00","4 July, 2024",Email,,,,,,,,,,,,,,,,,,,,,,,,,,,,,,,,,,,,,,,,
136,"4 July, 2024","9 July, 2024",UM,G8/NN01/2024/07/67350,PURCHASE OF LAB EQUIPMENT ETHAN RMF1786-2021,Shahrul,TOB,Quartz tube,"RM1,850.00","5 July, 2024",Online Bidding,No,KSG ELECTRICAL,,,,,,,,,,,,,,,,,,,,,,,,,,,,,,,,,,,,,,
137,"5 July, 2024","12 July, 2024",UM,S/S04/2024/07/85983,[KIMIA-23] BAHAN HABIS GUNA BAHAGIAN ALAT MICROWAVE DIGESTER,Shadzrin,CEM,Exhaust blower,"RM3,000.00","5 July, 2024",Online Bidding,Yes,,,,,,,,,,,,,,,,,,,,,,,,,,,,,,,,,,,,,,,
138,"4 July, 2024","9 July, 2024",USIM,USIMDP202400551,PEROLEHAN SLIDE PENGAJARAN HISTOLOGI,ET Lim,Happy Science,Prepared Slide,"RM2,792.00","5 July, 2024",Online Bidding,No,JABATAN ANATOMI,,,,,,,,,,,,,,,,,,,,,,,,,,,,,,,,,,,,,,
139,"3 July, 2024","10 July, 2024",UTAR Kampar,FS/FGO/Ismaliza-FRGS/014,RFQ Consumables ,Choi,,Consumables,"RM7,332.00","5 July, 2024",Email,,,,,,,,,,,,,,,,,,,,,,,,,,,,,,,,,,,,,,,,
140,"5 July, 2024","16 July, 2024",UiTM,UiTM/B2/PER/PT/P/0724/0122,"CADANGAN PERKHIDMATAN BAGI PENYELENGGARAAN PERALATAN-PERALATAN MAKMAL DI FAKULTI FARMASI, UITM CAWANGAN SELANGOR PUNCAK ALAM",Izad,Buchi,Replacement parts,"RM8,380.00","10 July, 2024",Online Bidding,Yes,,,,,,,,,,,,,,,,,,,,,,,,,,,,,,,,,,,,,,,
141,"12 July, 2024","17 July, 2024",UKM,NETSDP202415145,MEMBEKAL DAN MENGHANTAR PLANETARY MIXER@PM DR ROZAN MOHAMAD YUNUS MENGGUNAKAN PERUNTUKAN RA-2024-001,Hock Seng,Kakuhunter,SK-300S II,"RM36,000.00","13 July, 2024",Online Bidding,Yes,,,,,,,,,,,,,,,,,,,,,,,,,,,,,,,,,,,,,,,
142,"9 July, 2024","16 July, 2024",MPOB,MPOB(SH/PPB/BSRD)12/2024,"MEMBEKAL, MENGHANTAR SERAH, MEMASANG DAN MENGUJILARI SATU (1) UNIT BIOLOGICAL SAFETY CABINET II (BSC II) DAN SATU (1) GROWTH CHAMBER  TERMASUK AKSESORI DI UNIT PATOLOGI TUMBUHAN DAN BIOSEKURITI, BAHAGIAN PENYELIDIKAN BIOLOGI @ KELESTARIAN",Choi,Nuaire/Percival,BSC/ Plant Growth Chamber,"RM188,268.00","16 July, 2024",Hardcopy by Hand,Yes,,,,,,,,,,,,,,,,,,,,,,,,,,,,,,,,,,,,,,,
143,"19 July, 2024","23 July, 2024",Radicare,45568,RMSB Microwave Digester,Thaqib,CEM,PPM,"RM1,500.00","19 July, 2024",Online Bidding,Yes,,,,,,,,,,,,,,,,,,,,,,,,,,,,,,,,,,,,,,,
144,"10 July, 2024","24 July, 2024",LGM,,Membekalkan perkhidmatan untuk mengsintesis gene protein LcpK30,Choi,Sangon Biotech,Gene syntesis service,"RM2,370.00","23 July, 2024",Email,,,,,,,,,,,,,,,,,,,,,,,,,,,,,,,,,,,,,,,,
145,"22 July, 2024","25 July, 2024",SIRIM,EQ-2024-3044,EQUIPMENT – AUTOMATED CELL COUNTER,Choi,Logos Biosystem,Luna-II,"RM18,020.00","23 July, 2024",Online Bidding,No,,,,,,,,,,,,,,,,,,,,,,,,,,,,,,,,,,,,,,,
146,"3 July, 2024","24 July, 2024",USIM,USIMS202400032,PEROLEHAN BAGI 12 PERALATAN UNTUK KEGUNAAN MAKMAL SAINS ASAS DI FAKULTI PERGIGIAN UNIVERSITI SAINS ISLAM MALAYSIA (USIM) KAMPUS PANDAN INDAH DALAM TEMPOH 3 BULAN PEMBEKALAN,ET Lim,Uvitec,Advanced Q9 Allianced,"RM165,700.00","23 July, 2024",Online Bidding,No,"BIOTEK ABADI SDN BHD
INTERSCIENCE SDN. BHD
BIO3 SCIENTIFIC SDN BHD
DMB KEMBARA SDN BHD
CANVIO SDN BHD",,,,,,,,,,,,,,,,,,,,,,,,,,,,,,,,,,,,,,
147,"23 July, 2024","27 July, 2024",UKM,NETSDP202416069,MEMBEKAL DAN MENGHANTAR PERALATAN PENYELIDIKAN PM DR. WONG WAI YIN MENGGUNAKAN GERAN HICOE-2023-003,Shahrul,Pine Reserch,Platinium Ring Assembly,"RM19,880.00","24 July, 2024",Online Bidding,No,ASEPTEC SDN BHD,,,,,,,,,,,,,,,,,,,,,,,,,,,,,,,,,,,,,,
148,"23 July, 2024","27 July, 2024",UKM,NETSDP202416053,MEMBEKAL DAN MENGHANTAR BEKALAN MAKMAL KEPADA PM DR WONG WAI YIN MENGGUNAKAN GERAN RA-2023-001,Shahrul,Pine Reserch,Glassy Carbon Disk Insert,"RM2,680.00","24 July, 2024",Online Bidding,Yes,,,,,,,,,,,,,,,,,,,,,,,,,,,,,,,,,,,,,,,
149,"16 July, 2024","24 July, 2024",IJM Construction Sdn Bhd (Hospital Kapar),IJMC/HKS/DSC-083,"SUB-CONTRACT TENDER DOCUMENT
LABORATORY EQUIPMENT WORKS, FOR HOSPITAL KAPAR, SELANGOR",ET Lim,Nuaire,BSC,"RM1,677,000.00","24 July, 2024",Hardcopy by Hand,,,,,,,,,,,,,,,,,,,,,,,,,,,,,,,,,,,,,,,,
150,"23 July, 2024","29 July, 2024",UKM,NETSDP202416063,"MEMBEKAL DAN MENGHANTAR BAHAN KIMIA, DR. AKIDAH/ AINA NADHIRAH MENGGUNAKAN PERUNTUKAN HICOE-2023-006, INSTITUT SEL FUEL UKM",Isyraf,Sigma,Chemicals,"RM6,495.00","24 July, 2024",Online Bidding,No,NANO LIFE QUEST SDN. BHD.,,,,,,,,,,,,,,,,,,,,,,,,,,,,,,,,,,,,,,
151,"24 July, 2024","26 July, 2024",UKM,NETSDP202416095,"MEMBEKAL DAN MENGHANTAR BAHAN KIMIA KE UNIT FORENSIK, JABATAN PERKHIDMATAN MAKMAL DIAGNOSTIK, HOSPITAL CANSELOR TUANKU MUHRIZ UKM",Shahrul,Sigma,Chemicals,"RM6,600.00","24 July, 2024",Online Bidding,No,ULTIMED SCIENTIFIC SDN BHD,,,,,,,,,,,,,,,,,,,,,,,,,,,,,,,,,,,,,,
152,"24 July, 2024","29 July, 2024",UKM,NETSDP202416127,MEMBEKAL DAN MENGHANTAR BAHAN KIMIA/ BAHAN PAKAI HABIS KEPADA KETUA PROJEK PM. DR. LIM KEAN LONG (INSTITUT SEL FUEL) MENGGUNAKAN PERUNTUKAN FRGS/1/2022/TK08/02/01,Shahrul,Pine Reserch,Glassy Carbon Disk Insert,"RM5,360.00","24 July, 2024",Online Bidding,Yes,,,,,,,,,,,,,,,,,,,,,,,,,,,,,,,,,,,,,,,
153,"17 July, 2024","26 July, 2024",UiTM ,UiTM/B2/PER/PT/B/0724/0356,CADANGAN PEMBELIAN PERALATAN MAKMAL UNTUK KEPERLUAN MAKMAL PEMBELAJARAN KIMIA FAKULTI PENDIDIKAN,Syahirah,Ohaus,"Balance, Hot plate","RM12,200.00","25 July, 2024",Online Bidding,No,,,,,,,,,,,,,,,,,,,,,,,,,,,,,,,,,,,,,,,
154,"24 July, 2024","26 July, 2024",UKM,NETSDP202416147 ,MEMBEKAL DAN MENGHANTAR BARANG PAKAI HABIS UNTUK PENYELIDIKAN DR NG SOOK LUAN (FRGS/1/2023/SKK11/UKM/03/1) FAKULTI PERGIGIAN. NP:FRGS/NSL/01/2024,Syahirah,Simply,consumables,"RM1,330.00","25 July, 2024",Online Bidding,No,BIO-DIAGNOSTICS SDN BHD,,,,,,,,,,,,,,,,,,,,,,,,,,,,,,,,,,,,,,
155,"23 July, 2024","26 July, 2024",USM,USMPT/KESIHATAN/24/14282,"TO SUPPLY, DELIVER, INSTALL AND COMMISSION ONE (1) UNIT BENCHTOP CENTRIFUGE AT SCHOOL OF HEALTH SCIENCES, UNIVERSITI SAINS MALAYSIA (USM), HEALTH CAMPUS, KUBANG KERIAN, KELANTAN.",Syahirah,Dynamica,Centrifuge,"RM38,700.00","26 July, 2024",Online Bidding,No,PREMIER DIAGNOSTICS SDN BHD,,,,,,,,,,,,,,,,,,,,,,,,,,,,,,,,,,,,,,
156,"10 July, 2024","30 July, 2024",UNISZA,UniSZA.400-5/1/2 Jld. 32 (2024-14),"MEMBEKAL, MENGHANTAR, MEMASANG, MENGUJI,
MENGKONFIGURASI, MENGUJILARI, MENTAULIAH DAN
MENYELENGGARA PROTEIN DETERMINATION
(DISTILLATION) SYSTEM UNTUK MAKMAL ANALISIS
CLMC (CALab), PUSAT PENGURUSAN MAKMAL
BERPUSAT (CLMC), UNIVERSITI SULTAN ZAINAL ABIDIN
(UniSZA), KAMPUS PERUBATAN, TERENGGANU",Huda,Buchi,Distillation System,"RM164,000.00","26 July, 2024",Hardcopy by Courier,,,,,,,,,,,,,,,,,,,,,,,,,,,,,,,,,,,,,,,,
157,"22 July, 2024","28 July, 2024","PEJABAT KESIHATAN SIK, KEDAH",QT240000000023537,"SEBUT HARGA MEMBEKAL, MENGHANTAR, MEMASANG, MENGUJI DAN MENTAULIAH DUA (2) UNIT BIOSAFETY CABINET DI PEJABAT KESIHATAN DAERAH SIK",CHOI,Healforce,BSC,"RM75,000.00","26 July, 2024",Online Bidding,No,CAREMED GLOBAL SDN. BHD.,,,,,,,,,,,,,,,,,,,,,,,,,,,,,,,,,,,,,,
158,"28 July, 2024","29 July, 2024",USM,USMPT/KESIHATAN/24/14691,MEMBEKAL DAN MENGHANTAR KEPERLUAN PENYELIDIKAN (R503-KR-FRG001-0006171366-K134) SITI FARAHAMINAH / PROF. MADYA DR. NURUL ASMA ABDULLAH,Syahirah,Nest,consumables,RM250.00,"29 July, 2024",Online Bidding,No,NANOGENE SOLUTIONS SDN. BHD.,,,,,,,,,,,,,,,,,,,,,,,,,,,,,,,,,,,,,,
159,"25 July, 2024","30 July, 2024",USM,USMPT/INDUK/24/14546,SPECTROPHOTOMETER BRAND: TECHOMP MODEL: S1010 SERIAL NUMBER;7605003 - PUAN AMI MARDIANA OTHMAN,Thaqib,Techcomp,Replacement parts,RM450.00,"29 July, 2024",Online Bidding,Yes,,,,,,,,,,,,,,,,,,,,,,,,,,,,,,,,,,,,,,,
160,"25 July, 2024","30 July, 2024",USM,USMPT/INDUK/24/14547,PEMBAIKIAN CENTRIFUGE - ENCIK MUHAMAD NAZRI MAHAMAD ISA,Thaqib,Hettich,Replacement parts,"RM6,650.00","29 July, 2024",Online Bidding,Yes,,,,,,,,,,,,,,,,,,,,,,,,,,,,,,,,,,,,,,,
161,"29 July, 2024","3 August, 2024",USM,USMPT/INDUK/24/14770,PENYELENGGARAAN ALATAN DI MAKMAL PPSKH - PUAN SHANTINI / CIK NORAHIZAH,Arif,Kedee,Replacement parts,"RM1,900.00","1 August, 2024",Online Bidding,Yes,,,,,,,,,,,,,,,,,,,,,,,,,,,,,,,,,,,,,,,
162,"30 July, 2024","1 August, 2024",UKM,NETSDP202416574 ,"	MEMBEKAL, MENGHANTAR, MEMASANG SERTA MENGUJI 1 UNIT HOTPLATE MAGNETIC STIRRER UNTUK PENYELIDIKAN GGPM-2023-039 PUSAT KAJIAN DIAGNOTIK, TERAPUTIK & PENYIASATAN (CODTIS) FSK UKM",Syahirah,Dlab,Hotplate srirrer,"RM2,120.00","1 August, 2024",Online Bidding,No,PLT SCIENTIFIC SDN BHD,,,,,,,,,,,,,,,,,,,,,,,,,,,,,,,,,,,,,,
163,"30 July, 2024","2 August, 2024",UKM,NETSDP202416670,"MEMBEKAL, MENGHANTAR, MEMASANG, MENGUJI DAN MENTAULIAHGUNA ALAT PENYELIDIKAN KE MAKMAL INBIOSIS, UKM (RP3) : VORTEX",Syahirah,Wiggens,Vortex 3000,RM690.00,"2 August, 2024",Online Bidding,No,BIOTEK ABADI SDN BHD,,,,,,,,,,,,,,,,,,,,,,,,,,,,,,,,,,,,,,
164,"31 July, 2024","2 August, 2024",SIRIM,EQ-2024-3220,"SUPPLY, INSTALLATION, AND COMMISSIONING OF 1 FRIDGE LIEBHERR",Choi,Mether,Refrigerator,"RM7,790.00","2 August, 2024",Online Bidding,No,,,,,,,,,,,,,,,,,,,,,,,,,,,,,,,,,,,,,,,
165,"31 July, 2024","5 August, 2024",UKM,NETSDP202416721,"MEMBEKAL, MENGHANTAR, MEMASANG, MENGUJI DAN MENTAULIAHGUNA ALAT PENYELIDIKAN KE MAKMAL INBIOSIS, UKM (RP3) : INCUBATOR SHAKER (REFRIGERATED)",Syahirah,Labwit,Incubator shaker,"RM26,220.00","5 August, 2024",Online Bidding,No,BIOTEK ABADI SDN BHD,,,,,,,,,,,,,,,,,,,,,,,,,,,,,,,,,,,,,,
166,"5 August, 2024","6 August, 2024",SIRIM,EQ-2024-3280 ,"REPAIR & SERVICES OF PLANT TOXICITY CHAMBER
Description: REPAIR & SERVICES OF PLANT TOXICITY CHAMBER",Izad,Percival,Replacement parts,"RM18,500.00","5 August, 2024",Online Bidding,Yes,,,,,,,,,,,,,,,,,,,,,,,,,,,,,,,,,,,,,,,
167,"1 August, 2024","9 August, 2024",UTAR,FS/FGO/LamMQ/003,RFQ Molecular lab consumables,Choi,,Consumables,"RM2,710.00","6 August, 2024",Email,,,,,,,,,,,,,,,,,,,,,,,,,,,,,,,,,,,,,,,,
168,"8 August, 2024","12 August, 2024",UKM,NETSDP202417321,"MEMBEKAL DAN MENGHANTAR BARANG PAKAI HABIS KEPADA DR IZATUS SHIMA TAIB CODTIS FSK UKM KL (RAT T, RAT E2 ELISA KIT]",Syahirah,ELK Biotech,Elisa kit,"RM2,750.00","8 August, 2024",Online Bidding,No,INSPHIRO TECHNOLOGIES SDN BHD,,,,,,,,,,,,,,,,,,,,,,,,,,,,,,,,,,,,,,
169,"8 August, 2024","13 August, 2024",UKM,NETSDP202417349,"MEMBEKAL DAN MENGHANTAR BAHAN PAKAI HABIS (TEST SIEVES) UNTUK KEGUNAAN PENYELIDIKAN DR. LEE LOONG CHUEN, PUSAT KAJIAN DIAGNOSTIK, TERAPUTIK DAN PENYIASATAN, FSK, UKM MENGGUNAKAN PERUNTUKAN GP-K016373",Syahirah,GLENAMMER ,test sieve,"RM1,744.00","9 August, 2024",Online Bidding,No,CENCO SAINS,,,,,,,,,,,,,,,,,,,,,,,,,,,,,,,,,,,,,,
170,"5 August, 2024","14 August, 2024",UTAR,KHLEONG/KITARAN/2024/C001,RFQ Test Sieve & Chemical,Megan,Endecotts,Test Sieve,"RM1,220.00","9 August, 2024",Email,,,,,,,,,,,,,,,,,,,,,,,,,,,,,,,,,,,,,,,,
171,"7 August, 2024","12 August, 2024",SIRIM,EQ-2024-3334,EQUIPMENT – SEMI-MICROBALANCE,Choi,Ohaus,EX225D Microbalance,"RM24,900.00","12 August, 2024",Online Bidding,No,,,,,,,,,,,,,,,,,,,,,,,,,,,,,,,,,,,,,,,
172,"12 August, 2024","19 August, 2024",UKM,NETSDP202417664 ,"MEMBEKAL, MENGHANTAR, MEMASANG, MENGUJI DAN MENTAULIAHGUNA ALAT PENYELIDIKAN DI INSTITUT BIOLOGI SISTEM, UKM, BANGI - BENCHTOP REFRIGERATED MICROCENTRIFUGE (RP3)",Syahirah,Dynamica,Centrifuge,"RM20,030.00","15 August, 2024",Online Bidding,No,STRAITS SCIENTIFIC (M) SDN BHD,,,,,,,,,,,,,,,,,,,,,,,,,,,,,,,,,,,,,,
173,"14 August, 2024","16 August, 2024",UKM,NETSDP202417857,MEMBEKAL DAN MENGHANTAR PH METER@PROF MADYA DR ROZAN/SHAHIRAH MENGGUNAKAN PERUNTUKAN RA-2024-001,Wan Han,Mettler Toledo,F20,"RM7,140.00","16 August, 2024",Online Bidding,No,HANNA INSTRUMENTS (M) SDN BHD,,,,,,,,,,,,,,,,,,,,,,,,,,,,,,,,,,,,,,
174,"14 August, 2024","16 August, 2024",UKM,NETSDP202418077,MEMBEKAL DAN MENGHANTAR ZIRCONIA BALL@PM DR ROZAN MENGGUNAKAN PERUNTUKAN RA-2024-001,Hock Seng,TOB,Zirconia Ball,"RM1,280.00","19 August, 2024",Online Bidding,Yes,,,,,,,,,,,,,,,,,,,,,,,,,,,,,,,,,,,,,,,
175,"19 August, 2024","22 August, 2024",UKM,NETSDP202418157,MEMBEKAL DAN MENGHANTAR DISPLAY QSONICA Q700@PM DR ROZAN MOHAMAD YUNUS MENGGUNAKAN RA-2024-001,Tung,Qsonica,Display replacement,RM600.00,"20 August, 2024",Online Bidding,Yes,,,,,,,,,,,,,,,,,,,,,,,,,,,,,,,,,,,,,,,
176,"6 August, 2024","20 August, 2024",SIRIM,SP-0127/2024,"SUPPLY, INSTALLATION, TESTING AND COMMISSIONING OF ULTRA LOW TEMPERATURE FREEZER",Choi,Nuaire,Ultra Low Freezer,"RM111,850.00","20 August, 2024",Online Bidding,Yes,,,,,,,,,,,,,,,,,,,,,,,,,,,,,,,,,,,,,,,
178,"19 August, 2024","22 August, 2024",UKM,NETSDP202418105,"MEMBEKAL, MENGHANTAR, MEMASANG, MENGUJI DAN MENTAULIAH GUNA AUTOMATED CELL COUNTER (WITH BRIGHT FIELD MEASUREMENTS) UNTUK PUSAT KAJIAN PENUAAN SIHAT DAN KESEJAHTERAAN (HCARE), ARAS BAWAH, BLOK J, UKM KAMPUS KL DENGAN MENGGUNAKAN PERUNTUKAN HCARE FSK 28 (PM DR. ARIMI FITRI MAT LUDIN)",Syahirah,Logos Biosystem,Luna-II,"RM14,000.00","21 August, 2024",Online Bidding,,,,,,,,,,,,,,,,,,,,,,,,,,,,,,,,,,,,,,,,
179,"19 August, 2024","22 August, 2024",UKM,NETSDP202418093,"MEMBEKAL, MENGHANTAR, MEMASANG, MENGUJI DAN MENTAULIAHGUNA ALAT PENYELIDIKAN KE MAKMAL INBIOSIS, UKM (RP3) : ICE MAKER",Syahirah,Remi,Ice flake maker,"RM16,390.00","22 August, 2024",Online Bidding,No,STRAITS SCIENTIFIC (M) SDN BHD,,,,,,,,,,,,,,,,,,,,,,,,,,,,,,,,,,,,,,
180,"21 August, 2024","26 August, 2024",USM,USMPT/KESIHATAN/24/16466,"MEMBEKAL, MENGHANTAR, MEMASANG DAN KOMISYEN ICE MAKER KE INFORMM PULAU PINANG",Choi,Hoshizaki,Ice flake maker,"RM24,850.00","23 August, 2024",Online Bidding,No,INTERSCIENCE SDN. BHD.,,,,,,,,,,,,,,,,,,,,,,,,,,,,,,,,,,,,,,
181,"21 August, 2024","26 August, 2024",USM,"	USMPT/KESIHATAN/24/16465","MEMBEKAL, MENGHANTAR, MEMASANG DAN KOMISYEN ""REFRIGERATED MICROCENTRIFUGE"" KE MAKMAL INFORMM PULAU PINANG",Choi,Dynamica,Velocity 15R Pro,"RM22,650.00","23 August, 2024",Online Bidding,No,BIOTEK ABADI SDN BHD,,,,,,,,,,,,,,,,,,,,,,,,,,,,,,,,,,,,,,
182,"21 August, 2024","26 August, 2024",USM,USMPT/KESIHATAN/24/16464,"MEMBEKAL, MENGHANTAR, MEMASANG DAN KOMISYEN ""FREEZER -20C"" KE MAKMAL INFORMM PULAU PINANG",Choi,Promed Biomether,Freezer,"RM16,700.00","26 August, 2024",Online Bidding,No,FISHER SCIENTIFIC (M) SDN BHD,,,,,,,,,,,,,,,,,,,,,,,,,,,,,,,,,,,,,,
183,"27 August, 2024","28 August, 2024",UKM,NETSDP202418792,RATCUFFKIT - L CODA LARGE RAT CUFF KIT,Syahirah,Kent Scientific,CODA-M1,"RM36,240.00","27 August, 2024",Online Bidding,No,LABQUIP (M) SDN BHD,,,,,,,,,,,,,,,,,,,,,,,,,,,,,,,,,,,,,,
184,"29 August, 2024","29 August, 2024",UKM,NETSDP202418727,"MEMBEKAL, MENGHANTAR, MEMASANG, MENGUJI DAN MENTAULIAHGUNA ALAT PENYELIDIKAN DI INSTITUT BIOLOGI SISTEM, UKM, BANGI - BUNSEN BURNER (RP3)",Syahirah,WLD-Tec,Fuego SCS,"RM11,680.00","29 August, 2024",Online Bidding,No,CHEMOPHARM SDN BHD,,,,,,,,,,,,,,,,,,,,,,,,,,,,,,,,,,,,,,
185,"29 August, 2024","29 August, 2024",USM,USMPT/KESIHATAN/24/17194,MEMBEKAL DAN MENGHANTAR BAHAN PENYELIDIKAN - DR. NORSUHANA BINTI OMAR / RADDA MUSTAPHA ISMAIL (JAB. FISIOLOGI) [SL REF. NO.: 2024/280],Syahirah,ELK Biotech,Elisa kit,"RM3,105.00","29 August, 2024",Online Bidding,No,WAN CARE SCIENTIFIC SDN BHD,,,,,,,,,,,,,,,,,,,,,,,,,,,,,,,,,,,,,,
186,"27 August, 2024","30 August, 2024",UM,G8/G814/2024/08/78773,PEMBELIAN UNTUK MURASHIGE AND SKOOG (MS) MEDIUM - FP057-2023 - TBC,Syahirah,Phytotech,MS Media,RM900.00,"29 August, 2024",Online Bidding,No,BIOTEK ABADI SDN BHD,,,,,,,,,,,,,,,,,,,,,,,,,,,,,,,,,,,,,,
187,"27 August, 2024","30 August, 2024",UM,S/S03/2024/08/88394,[ISB-21/6] TAWARAN MEMBEKAL DAN MENGHANTAR PH ELECTRODE COMBINATION UNTUK PENGAJARAN PROGRAM SPAS,Syahirah,Mettler Toledo,pH Electrode,"RM3,360.00","30 August, 2024",Online Bidding,No,RANK SYNERGY SDN BHD,,,,,,,,,,,,,,,,,,,,,,,,,,,,,,,,,,,,,,
188,"27 August, 2024","30 August, 2024",UM,S/S03/2024/07/88302,ISB 14/15 : PERMOHONAN PEMBELIAN PH METER BENCHTOP INI ADALAH UNTUK KEGUNAAN KELAS PENGAJARAN AMALI BIOKIMIA SIJ 2008 & SIJ 2009 (HAZWANI-0379676791),Syahirah,Mettler Toledo,F20,"RM3,750.00","30 August, 2024",Online Bidding,No,KIT SYSTEM RESOURCES,,,,,,,,,,,,,,,,,,,,,,,,,,,,,,,,,,,,,,
189,"30 August, 2024","2 September, 2024",NIH,SQ240000000818722,SQ Cell Counter Consumables,Syahirah,Logos Biosystem,Luna II consumables,"RM14,300.00","2 September, 2024",Online Bidding,Yes,,,,,,,,,,,,,,,,,,,,,,,,,,,,,,,,,,,,,,,
190,"2 September, 2024","3 September, 2024",UKM,NETSDP202419193,"MEMBEKAL DAN MENGHANTAR BAHAN PENYELIDIKAN "" VORTEX GENIE 2"" UNTUK KEGUNAAN PROF MADYA DR. ELENA AISHA KOD PROJEK: LRGS/1/2021/SKK15/UKM/02/2",ET Lim,Scientific Industries,Vortex Genie 2,"RM2,460.00","2 September, 2024",Online Bidding,,,,,,,,,,,,,,,,,,,,,,,,,,,,,,,,,,,,,,,,
191,"4 September, 2024","6 September, 2024",UM,M01/2024/08/80907,"PEMBELIAN PIPETTE TIPS - BULK DAN RACKED UNTUK TAMBAHAN SEMULA STOK BAHAN BEKALAN GUNA HABIS DI FOM SUPPLY STORE, FAKULTI PERUBATAN, UM",ET Lim,Chanshow,tips,RM507.60,"5 September, 2024",Online Bidding,Yes,,,,,,,,,,,,,,,,,,,,,,,,,,,,,,,,,,,,,,,
192,"5 September, 2024","9 September, 2024",MMU,NA,To supply General service & PPM for BSC,Zul,Nuaire,PPM,"RM2,200.00","9 September, 2024",Email,,,,,,,,,,,,,,,,,,,,,,,,,,,,,,,,,,,,,,,,
193,"10 September, 2024","13 September, 2024",UKM,NETSDP202419793,"MEMBEKAL DAN MENGHANTAR BAHAN PAKAIHABIS AFM DAN TEM UNTUK UNIT MORFOLOGI, MAKMAL I-CRIM, ALAF-UKM.",Isyraf,Park System,Cantilever,"RM4,000.00","11 September, 2024",Email,No,AC SCIENTIFIC SDN BHD,,,,,,,,,,,,,,,,,,,,,,,,,,,,,,,,,,,,,,
194,"12 September, 2024","13 September, 2024",UKM,NETSDP202420098,"MEMBEKAL DAN MENGHNATAR BAHAN KIMIA KE JABATAN FARMAKOLOGI, FAKULTI PERUBTAN UKM UNTUK PENYELIDIKAN MENGGUNAKAN GERANFF-2024-090. KETUA GERAN DR WONG SOK KUAN",Syahirah,OZ Bioscience,SilenceMag,"RM2,260.00","12 September, 2024",Online Bidding,Yes,,,,,,,,,,,,,,,,,,,,,,,,,,,,,,,,,,,,,,,
195,"17 September, 2024","18 September, 2024",MKA IPOH,SQ240000000882003,REPLACEMENT CO2 REGULATOR DUAL STAGE,Zul,,CO2 regulator,"RM1,500.00","18 September, 2024",,Yes,,,,,,,,,,,,,,,,,,,,,,,,,,,,,,,,,,,,,,,
196,"20 September, 2024","25 September, 2024",UM,Y4/Y401/2024/09/57630,PURCHASING OF OIL FREE AIR COMPRESSOR FOR AEROBIOLOGY RESEARCH PURPOSE,Syahirah,Rocker,Oil Free Compressor ,"RM2,600.00","23 September, 2024",Online Bidding,Yes,,,,,,,,,,,,,,,,,,,,,,,,,,,,,,,,,,,,,,,
197,"17 September, 2024","26 September, 2024",USIM,USIMS202400043,"PEROLEHAN BAGI PERALATAN MAKMAL DAN PERGIGIAN UNTUK KEGUNAAN MAKMAL SAINS ASAS DAN KLINIK DI FAKULTI PERGIGIAN, USIM KAMPUS PANDAN, KUALA LUMPUR DALAM TEMPOH TIGA (3) BULAN PEMBEKALAN",ET Lim,Mettler Toledo,F20 standard,"RM9,485.00","24 September, 2024",Online Bidding,Yes,,,,,,,,,,,,,,,,,,,,,,,,,,,,,,,,,,,,,,,
198,"25 September, 2024","3 October, 2024",UTAR,FS/DCS/2024/OE052,Angle Rotor,Megan,Dynamica,Rotor,"RM6,500.00","26 September, 2024",Email,Yes,,,,,,,,,,,,,,,,,,,,,,,,,,,,,,,,,,,,,,,
199,"23 September, 2024","26 September, 2024",UM,FA/FA03/2024/09/322,PURCHASE ELECTRONIC SINGLE-CHANNEL PIPETTES & TIPS,ET Lim,Vistalab,Pipette & Tips,"RM8,280.00","26 September, 2024",Online Bidding,No, INTELAB SCIENTIFIC SOLUTION,,,,,,,,,,,,,,,,,,,,,,,,,,,,,,,,,,,,,,
200,"6 September, 2024","27 September, 2024",UM,UM.G/FSD/PC/804/2024/25 (S/S03/2024/03/84066),"TAWARAN MEMBEKAL, MENGHANTAR, MEMASANG DAN MENTAULIAH PERALATAN SAINTIFIK UNTUK KEGUNAAN PENGAJARAN DAN PEMBELAJARAN DI INSTITUT SAINS BIOLOGI, FAKULTI SAINS, UNIVERSITI MALAYA",ET Lim,,Multiple items,"RM1,640,080.00","27 September, 2024",Hardcopy by Hand,,,,,,,,,,,,,,,,,,,,,,,,,,,,,,,,,,,,,,,,
201,"30 September, 2024","3 October, 2024",UKM,NETSDP202421331,"MEMBEKAL, MENGHANTAR DAN MENGUJITAULIAH (2 TO 8?C PHARMACY REFRIGERATOR) UNTUK KEGUNAAN PROJEK THE MALAYSIAN COHORT. PDE66/ARAJ/COHORT/098/2024",Suzanna,Mether,Refrigerator,"RM17,600.00","3 October, 2024",Online Bidding,No,,,,,,,,,,,,,,,,,,,,,,,,,,,,,,,,,,,,,,,
202,"2 October, 2024","4 October, 2024",UKM,NETSDP202421574,"MEMBEKALKAN, MENGHANTAR, MEMASANG, MENGUJI DAN MENTAULIAH GUNA AUTOMATED CELL COUNTER (WITH BRIGHT FIELD MEASUREMENTS) UNTUK PUSAT KAJIAN PENUAAN SIHAT DAN KESEJAHTERAAN (HCARE), ARAS BAWAH, BLOK J, UKM KAMPUS KL DENGAN MENGGUNAKAN PERUNTUKAN FSK28 (PM DR. ARIMI FITRI MAT LUDIN)",ET Lim,Logos Biosystem,Luna-II,"RM12,100.00","4 October, 2024",Online Bidding,No,,,,,,,,,,,,,,,,,,,,,,,,,,,,,,,,,,,,,,,
203,"7 October, 2024","9 October, 2024",USM,USMPT/INDUK/24/18437(S4),PENGGANTIAN ALAT GANTI PERALATAN MAKMAL - FIBRE PLUG FURNACE,Arif,Nabertherm,Fibre plug,"RM2,100.00","8 October, 2024",Online Bidding,Yes,,,,,,,,,,,,,,,,,,,,,,,,,,,,,,,,,,,,,,,
204,"14 October, 2024","15 October, 2024",UKM,NETSDP202422743,"MEMBEKAL, MENGHANTAR, MINI CENTRIFUGE UNTUK MAKMAL TOKSIKOLOGI ARAS 3 BLOK B , PUSAT CORE,UKMKL - PERUNTUKAN 50% FSK1 & 50% FSK17- KELULUSAN MESYUARAT BAJET BIL.9/2024",ET Lim,Allsheng,Mini-6k,RM900.00,"15 October, 2024",Online Bidding,No,RIDGE BIOMED SDN BHD,,,,,,,,,,,,,,,,,,,,,,,,,,,,,,,,,,,,,,
205,"15 October, 2024","16 October, 2024",SIRIM,EQ-2024-4719,ELISA KIT – RAT-IgG AND RAT-IgA,Choi,Finetest,ELISA Kit,"RM5,800.00","16 October, 2024",Online Bidding,No,,,,,,,,,,,,,,,,,,,,,,,,,,,,,,,,,,,,,,,
206,"16 October, 2024","17 October, 2024",SIRIM,EQ-2024-4761,"ELISA KIT – TNFa, IL-2, IL-13, AND IL-10 (RAT SOURCE)",Choi,Finetest,ELISA Kit,"RM9,600.00","17 October, 2024",Online Bidding,No,,,,,,,,,,,,,,,,,,,,,,,,,,,,,,,,,,,,,,,
207,"7 October, 2024","21 October, 2024",FRIM,SH 77/2024,"Cadangan Membekal, Menghantar, Memasang dan Mentauliah Satu(1) unit peralatan CO2 Incubator di Makmal Biologi, Bahagian Hasilan Semulajadi untuk Institut Penyelidikan Perhutanan Malaysia (FRIM), Kepong, Selangor Darul Ehsan.",ET Lim,Nuaire,CO2 Incubator,"RM53,059.00","18 October, 2024",Hardcopy by Hand,Yes,,,,,,,,,,,,,,,,,,,,,,,,,,,,,,,,,,,,,,,
208,"15 October, 2024","22 October, 2024",POLITEKNIK KUANTAN,QT240000000030968,"SEBUT HARGA MEMBEKAL, MENGHANTAR, MEMASANG, MENGUJILARI DAN LATIHAN PERALATAN KESELAMATAN MAKANAN JABATAN TEKNOLOGI MAKANAN DI POLITEKNIK SULTAN HAJI AHMAD SHAH, KUANTAN, PAHANG",Huda,Testex,Light & Weather Fastness Tester,"RM220,000.00","22 October, 2024",Online Bidding,,,,,,,,,,,,,,,,,,,,,,,,,,,,,,,,,,,,,,,,
209,"23 October, 2024","27 October, 2024",UMP,FIST/RFQ/2024 (83),CHEMICALS / CONSUMABLES ,Hock Seng,MERCK,CHEMICALS / CONSUMABLES ,"RM4,260.00","24 October, 2024",Online Bidding,,,,,,,,,,,,,,,,,,,,,,,,,,,,,,,,,,,,,,,,
211,"18 October, 2024","25 October, 2024",UMP,FIST/RFQ/2024 (78),Conductivity Meter,Hock Seng,Mettler Toledo,FP30,"RM7,900.00","24 October, 2024",Online Bidding,,,,,,,,,,,,,,,,,,,,,,,,,,,,,,,,,,,,,,,,
212,"18 October, 2024","24 October, 2024",UTAR,FS/FGO/ShitCS/001,RFQ Consumables,Choi,,consumables,"RM1,178.00","24 October, 2024",Email,,,,,,,,,,,,,,,,,,,,,,,,,,,,,,,,,,,,,,,,
213,"18 October, 2024","24 October, 2024",UTAR,FS/FGO/ShitCS/002,RFQ Micropipette,Choi,Dlab,Hipette,"RM1,680.00","24 October, 2024",Email,,,,,,,,,,,,,,,,,,,,,,,,,,,,,,,,,,,,,,,,
214,"23 October, 2024","25 October, 2024",UKM,NETSDP202423610,MEMBEKAL DAN MENGHANTAR BARANG PAKAI HABIS UNTUK PENYELIDIKAN DI MAKMAL PENYELIDIKAN ( DR WONG YUNG HUA-TAF316) FAKULTI PERGIGIAN.NP:TAF316/WYH/1/2024,ET Lim,Ugo Basile,"Aesthesio, Precise Tactile Sensory Evaluator Kit","RM7,780.00","24 October, 2024",Online Bidding,No,MUDA CEMERLANG SDN BHD,,,,,,,,,,,,,,,,,,,,,,,,,,,,,,,,,,,,,,
215,"24 October, 2024","25 October, 2024",UKM,NETSDP202423728,"MEMBEKAL, MENGHANTAR, PH METER UNTUK MAKMALTOKSIKOLOGI ARAS 3 BLOK B , PUSAT CORE,UKMKL - PERUNTUKAN 50% FSK1 & 50% FSK17- KELULUSAN MESYUARAT BAJET BIL.9/2024
",ET Lim,Mettler Toledo,F20 standard,"RM3,720.00","24 October, 2024",Online Bidding,Yes,,,,,,,,,,,,,,,,,,,,,,,,,,,,,,,,,,,,,,,
216,"17 October, 2024","24 October, 2024",UPM,SH108/2024/5450833/UPMS,"SEBUT HARGA UNTUK MEMBEKAL, MENGHANTAR, MENGUJILARI DAN MENTAULIAH PERALATAN MAKMAL CHEMILUMINESCENT IMAGING SYSTEM, UV/VIS SPECTROSCOPY, SHAKER INCUBATOR DAN POTENTIOSTAT",Choi,,Multiple items,"RM449,400.00","24 October, 2024",Online Bidding,,,,,,,,,,,,,,,,,,,,,,,,,,,,,,,,,,,,,,,,
217,"28 October, 2024","30 October, 2024",SIRIM,EQ-2024-5075,"PEMBELIAN ELISA KIT BAGI PENGUJIAN SAMPEL (JOB TESTING)",Choi,"Finetest, Reed Biotech",Elisa Kit,"RM5,640.00","28 October, 2024",Online Bidding,,,,,,,,,,,,,,,,,,,,,,,,,,,,,,,,,,,,,,,,
218,"23 October, 2024","30 October, 2024",NIH,QT240000000031340,"SEBUT HARGA MEMBEKAL, MENGHANTAR, MEMASANG, MENGKONFIGURASI, MENGUJI, MENTAULIAH DAN MENYENGGARA (DALAM TEMPOH JAMINAN) - SATU (1) UNIT CO2 INCUBATOR DI PUSAT EHRC, INSTITUT PENYELIDIKAN PERUBATAN (IMR), INSTITUT KESIHATAN NEGARA (NIH), SETIA ALAM, SELANGOR",ET Lim,Nuaire,NU-5731 CO2 incubator,"RM40,600.00","29 October, 2024",Online Bidding,No,STRAITS SCIENTIFIC (M) SDN BHD,,,,,,,,,,,,,,,,,,,,,,,,,,,,,,,,,,,,,,
219,"24 October, 2024","1 November, 2024",NIH,QT240000000031337,"SEBUT HARGA MEMBEKAL, MENGHANTAR, MEMASANG, MENGKONFIGURASI, MENGUJI, MENTAULIAH DAN MENYENGGARA (DALAM TEMPOH JAMINAN) - SATU (1) UNIT CO2 INCUBATOR DI BioRCF, INSTITUT PENYELIDIKAN PERUBATAN (IMR), INSTITUT KESIHATAN NEGARA (NIH), SETIA ALAM, SELANGOR",ET Lim,Nuaire,NU-5710 CO2 Incubator,"RM42,600.00","29 October, 2024",Online Bidding,No,AZTEC SINAR SDN. BHD.,,,,,,,,,,,,,,,,,,,,,,,,,,,,,,,,,,,,,,
220,"18 October, 2024","1 November, 2024",ABI,NIBM-ABI/PRC/RFQ/01/2024-014,"PEROLEHAN PERSONAL PROTECTIVE EQUIPMENT (PPE) BSL3 DI AGRO-BIOTEHCNOLOGY
INSTITUTE (ABI), NATIONAL INSTITUTES OF BIOTECHNOLOGY MALAYSIA (NIBM).",Choi,,PPE,"RM70,235.00","1 November, 2024",Hardcopy by Hand,,,,,,,,,,,,,,,,,,,,,,,,,,,,,,,,,,,,,,,,
221,"18 October, 2024","6 November, 2024",NIBM-IPHARM,NIBM-IPH/PRC/TEN/03/2024-002,"MEMBEKAL, MENGHANTAR, MEMASANG, MENGUJI DAN MENTAULIAH SEHINGGA LENGKAP BERFUNGSI PERALATAN SAINTIFIK BAGI MAKMAL BIOKESELAMATAN HAIWAN KELAS III (ABSL-III) DI INSTITUT FARMASEUTIKAL DAN NUTRASEUTIKAL MALAYSIA (IPHARM), NATIONAL INSTITUTES OF BIOTECHNOLOGY MALAYSIA (NIBM)",Choi,,Multiple items,"RM2,478,300.00","6 November, 2024",Hardcopy by Hand,,,,,,,,,,,,,,,,,,,,,,,,,,,,,,,,,,,,,,,,
222,"29 October, 2024","7 November, 2024",UKM,NETSDP202423942,"MEMBEKAL, MENGHANTAR, MEMASANG, MENGUJI DAN MENTAULIAHGUNA ALAT PENYELIDIKAN KE MAKMAL INBIOSIS, UKM (RP3) : VORTEX (2)",Suzanna,Wiggens,Vortex 3000,"RM1,240.00","6 November, 2024",Online Bidding,Yes,,,,,,,,,,,,,,,,,,,,,,,,,,,,,,,,,,,,,,,
223,"29 October, 2024","7 November, 2024",UKM,NETSDP202423943,"MEMBEKAL, MENGHANTAR, MEMASANG, MENGUJI DAN MENTAULIAHGUNA ALAT PENYELIDIKAN KE MAKMAL INBIOSIS, UKM (RP3) : PH METER (2)",Suzanna,Mettler Toledo,F20,"RM4,335.00","7 November, 2024",Online Bidding,No,HASUNO SDN BHD,,,,,,,,,,,,,,,,,,,,,,,,,,,,,,,,,,,,,,
224,"7 November, 2024","8 November, 2024",JABIL,#3785047,Chemical Cabinet ,Shahrul,Justrite,893080,"RM11,600.00","7 November, 2024",Online Bidding,Yes,,,,,,,,,,,,,,,,,,,,,,,,,,,,,,,,,,,,,,,
225,"5 November, 2024","13 November, 2024",UMT,UMT/FPSM/PT-03/2024,"SEBUT HARGA PERKHIDMATAN SEWAAN PERALATAN MAKMAL UNTUK TUJUAN PENYELIDIKAN BAGI TEMPOH DUA (2) TAHUN DI UNIVERSITI MALAYSIA TERENGGANU 

",Suzanna,,Multiple items,"RM100,110.00","11 November, 2024",Hardcopy by Courier,Yes,Permula Sdn Bhd,"PO Life Science (RM 23,710)",,,,,,,,,,,,,,,,,,,,,,,,,,,,,,,,,,,,,
226,"18 November, 2024","21 November, 2024",UKM,NETSDP202425424,"MEMBEKAL, MENGHANTAR DAN MEMASANG DIGITAL CAMERA UNTUK ALAT COMPOUND MICROSCOPE DI MAKMAL I-CRIM, ALAF-UKM",Isyraf,HAYEAR,Microscope camera,"RM1,600.00","19 November, 2024",Online Bidding,Yes,,,,,,,,,,,,,,,,,,,,,,,,,,,,,,,,,,,,,,,
227,"18 November, 2024","20 November, 2024",SIRIM,EQ-2024-5710,"ELISA KIT – IgG, IgA, TNFa, IL-2, IL-13, AND IL-10 (RAT SOURCE)",Choi,Finetest,Elisa Kit,"RM15,400.00","20 November, 2024",Online Bidding,No,,,,,,,,,,,,,,,,,,,,,,,,,,,,,,,,,,,,,,,
228,"11 November, 2024","21 November, 2024",UCMI,UCMI/TENDER/08/2024/T),"RETENDER PEMBELIAN, PEMBEKALAN, PEMASANGAN DAN PERKHIDMATAN
SELEPAS JUALAN BAGI PERALATAN RHEOMETER YANG DIGUNAKAN
UNTUK TUJUAN PENGAJARAN DAN PEMBELAJARAN PRAKTIKAL BAGI
PROGRAM BACHELOR OF SCIENCE IN PHARMACEUTICAL TECHNOLOGY
(HONOURS) DAN BACHELOR OF PHARMACY (HONOURS)",Wan Han,Lamy Rheology,Rheometer,"RM111,000.00","21 November, 2024",Hardcopy by Hand,Yes,,,,,,,,,,,,,,,,,,,,,,,,,,,,,,,,,,,,,,,
229,"21 November, 2024","25 November, 2024",UM,"	
S/J153/2024/11/816",UM.S/D/417_2024 (144) - Membekal Dan Menghantar PH Meter Bagi Makmal Pengajaran Fizikal,Suzanna,Mettler Toledo,F20 pH meter,"RM3,720.00","25 November, 2024",Online Bidding,No,,,,,,,,,,,,,,,,,,,,,,,,,,,,,,,,,,,,,,,
230,"25 November, 2024","27 November, 2024",UKM,NETSDP202426229,"USB3-2024-VM MEMBEKAL, MENGHANTAR DAN MENGUJILARI SET LENGKAP VORTEX MIXER KE FST, UKM",Suzanna,Wiggens,Vortex3000,"RM2,820.00","26 November, 2024",Online Bidding,No,,,,,,,,,,,,,,,,,,,,,,,,,,,,,,,,,,,,,,,
231,"27 November, 2024","28 November, 2024",UKM,NETSDP202426506,"MEMBEKAL DAN MENGHANTAR ELISA KIT TNF-ALPHA UNTUK PENYELIDIKAN (PROF SUZANA MAKPOL/LIYANA) DENGAN MENGGUNAKAN PERUNTUKAN FF-2022-402, N/P:G054/24",ET Lim,ELK Biotech,Elisa Kit,"RM1,475.00","27 November, 2024",Online Bidding,No,INSPHIRO TECHNOLOGIES SDN BHD,,,,,,,,,,,,,,,,,,,,,,,,,,,,,,,,,,,,,,
232,"27 November, 2024","28 November, 2024",UKM,NETSDP202426508,"MEMBEKAL DAN MENGHANTAR ELISA KITA IL-6 UNTUK PENYELIDIKAN (PROF SUZANA MAKPOL/LIYANA) DENGAN MENGGUNAKAN PERUNTUKAN FRGS/1/2024/SKK10/UKM/01/1, N/P: G053/24",ET Lim,ELK Biotech,Elisa Kit,"RM1,475.00","27 November, 2024",Online Bidding,No,INSPHIRO TECHNOLOGIES SDN BHD,,,,,,,,,,,,,,,,,,,,,,,,,,,,,,,,,,,,,,
233,"26 November, 2024","29 November, 2024",UKM,NETSDP202426396,MEMBEKAL DAN MENGHANTAR MULTICHANNEL PIPETTE UNTUK KEGUNAAN PROJEK PENYELIDIKAN PRIHATIN. ARAJ/PRIHATIN/MSB/2024/027,Suzanna,Mettler Toledo,Multichannel pipette,"RM32,345.00","28 November, 2024",Online Bidding,No,MEDIGENE SDN BHD,,,,,,,,,,,,,,,,,,,,,,,,,,,,,,,,,,,,,,
224,"22 November, 2024","29 November, 2024",WD Media,MY5125_122760,Spectrophotometer U2900,Wan Han,Hitachi,Spectrophotometer,"RM148,546.00","28 November, 2024",Online Bidding,Yes,,,,,,,,,,,,,,,,,,,,,,,,,,,,,,,,,,,,,,,
225,"22 November, 2024","2 December, 2024",UiTM,"UiTM/B2/PER/SHR/B/1124/0043
","CADANGAN MEMBEKAL, MENGHANTAR, MEMASANG, MENGUJILARI DAN MENYELENGGARA (SEMASA DALAM TEMPOH JAMINAN) PERALATAN MAKMAL UNTUK KEPERLUAN MAKMAL PEMBELAJARAN BIOLOGI KE FAKULTI PENDIDIKAN, UiTM CAWANGAN SELANGOR, KAMPUS PUNCAK ALAM",ET Lim,,Multiple items,"RM21,750.00","2 December, 2024",Online Bidding,,,*Submission through DMB Kembara,,,,,,,,,,,,,,,,,,,,,,,,,,,,,,,,,,,,,
226,"22 November, 2024","4 December, 2024",UiTM,"UiTM/B2/PER/SHR/B/1124/0044
","KeteranganCADANGAN MEMBEKAL, MENGHANTAR, MEMASANG, MENGUJILARI DAN MENYELENGGARA (SEMASA DALAM TEMPOH JAMINAN) PERALATAN MAKMAL UNTUK TUJUAN PENGAJARAN DAN PEMBELAJARAN KE MAKMAL-MAKMAL DI FAKULTI FARMASI, UiTM CAWANGAN SELANGOR, KAMPUS PUNCAK ALAM",ET Lim,Biobase,CO2 Incubator,"RM65,400.00","4 December, 2024",Online Bidding,,,,,,,,,,,,,,,,,,,,,,,,,,,,,,,,,,,,,,,,
227,"2 December, 2024","6 December, 2024",UiTM,UiTM/B6/PER/PT/B/1124/2466,"KeteranganCadangan Membekal dan Menghantar Multichannel Pipette bagi kegunaan Unit Imunologi, Jabatan Makmal Diagnostik Klinikal, PPUiTM Sg. Buloh.
",Suzanna,Mettler Toledo,Pipet-Lite Multi Pipette L8-300XLS+ (20–300 ?L),"RM7,380.00","6 December, 2024",Online Bidding,,,,,,,,,,,,,,,,,,,,,,,,,,,,,,,,,,,,,,,,
228,"28 November, 2024","6 December, 2024",USM,USMSHU/INDUK/24/00015,"TO SUPPLY, DELIVER, INSTALL AND COMISSIONING MICROWAVE DIGESTER TO PUSAT PENGAJIAN SAINS KIMIA, UNIVERSITI SAINS MALAYSIA, MAIN CAMPUS, PULAU PINANG",Megan,CEM,Mars 6,"RM155,000.00","6 December, 2024",Online Bidding,,,,,,,,,,,,,,,,,,,,,,,,,,,,,,,,,,,,,,,,
229,"27 November, 2024","13 December, 2024",FGV Delima Oil Products Sdn Bhd,Q240342855,"TO SUPPLY MATERIAL, MANPOWER, TOOLS, EQUIPMENTS, ACCESSORIES, TESTING & COMMISSIONING AND ALL ELSE NECESSARY CONSUMABLE FOR NEW AUTO LEAK TESTER AT DELIMA OIL PRODUCTS SDN. BHD. PASIR GUDANG, JOHOR.",Wan Han,GBPI,GB-M Leakage Tester,"RM25,000.00","13 December, 2024",Online Bidding,,,,,,,,,,,,,,,,,,,,,,,,,,,,,,,,,,,,,,,,
230,"13 December, 2024","15 December, 2024",USM,USMPT/KESIHATAN/24/26029,"MEMBEKAL, MENGHANTAR, MEMASANG DAN KOMISYEN ALATAN REFRIGERATED MICROCENTRIFUGE KE INFORMM KAMPUS KESIHATAN, KELANTAN",ET Lim,Dynamica,V15R Pro,"RM30,200.00","13 December, 2024",Online Bidding,No,INTERSCIENCE SDN. BHD.,,,,,,,,,,,,,,,,,,,,,,,,,,,,,,,,,,,,,,
231,"18 December, 2024","19 December, 2024",UKM,NETSDP202427518,"MEMBEKAL DAN MENGHANTAR BAHAN PENYELIDIKAN "" L12005 PHOTONSLIDES"" UNTUK KEGUNAAN PROF MADYA DR. ELENA AISHA KOD PROJEK: LRGS/1/2021/SKK15/UKM/02/2",ET Lim,Logos biosystem,consumables,"RM1,860.00","18 December, 2024",Online Bidding,Yes,,,,,,,,,,,,,,,,,,,,,,,,,,,,,,,,,,,,,,,
232,"30 January, 1900","2 January, 2025",USM,SH1/24/P/PCCB/U/00286,"MEMBEKAL, MENGHANTAR, MEMASANG DAN KOMISYEN ALATAN FREEZE-DRY, PUSAT BIOLOGI KIMIA, UNIVERSITI SAINS MALAYSIA, PULAU PINANG",Choi,Buchi,Freeze Dryer Lyovapor L-250,"RM218,530.00","30 December, 2024",Hardcopy by Courier,,,,,,,,,,,,,,,,,,,,,,,,,,,,,,,,,,,,,,,,
233,"18 December, 2024","31 December, 2024",MPOB,MPOB (SH/PDAS/NUTRITION)BIL.24/2024,"CADANGAN PEROLEHAN BAGI MEMBEKAL, MENGHANTAR, MEMASANG DAN MENGUJILARI TIGA 93) UNIT PETI SEJUK -80°C UNTUK UNIT PEMAKANAN, DI BANGUNAN PENYELIDIKAN PRA-KLINIKAL, IBU PEJABAT MPOB DAN TINGKAT 1, WISMA OLEIFERA",Choi,Mether,Ultra low freezer,"RM186,910.00","31 December, 2024",Hardcopy by Hand,,,,,,,,,,,,,,,,,,,,,,,,,,,,,,,,,,,,,,,,
CLOSED FOR YEAR 2024,,,,,,,,,,,,,,,,,,,,,,,,,,,,,,,,,,,,,,,,,,,,,,,,,,,
,,,,,,,,,,,,,,,,,,,,,,,,,,,,,,,,,,,,,,,,,,,,,,,,,,,
,,,,,,,,,,,,,,,,,,,,,,,,,,,,,,,,,,,,,,,,,,,,,,,,,,,
,,,,,,,,,,,,,,,,,,,,,,,,,,,,,,,,,,,,,,,,,,,,,,,,,,,
,,,,,,,,,,,,,,,,,,,,,,,,,,,,,,,,,,,,,,,,,,,,,,,,,,,
,,,,,,,,,,,,,,,,,,,,,,,,,,,,,,,,,,,,,,,,,,,,,,,,,,,
,,,,,,,,,,,,,,,,,,,,,,,,,,,,,,,,,,,,,,,,,,,,,,,,,,,
,,,,,,,,,,,,,,,,,,,,,,,,,,,,,,,,,,,,,,,,,,,,,,,,,,,
,,,,,,,,,,,,,,,,,,,,,,,,,,,,,,,,,,,,,,,,,,,,,,,,,,,
,,,,,,,,,,,,,,,,,,,,,,,,,,,,,,,,,,,,,,,,,,,,,,,,,,,
,,,,,,,,,,,,,,,,,,,,,,,,,,,,,,,,,,,,,,,,,,,,,,,,,,,
,,,,,,,,,,,,,,,,,,,,,,,,,,,,,,,,,,,,,,,,,,,,,,,,,,,
,,,,,,,,,,,,,,,,,,,,,,,,,,,,,,,,,,,,,,,,,,,,,,,,,,,
,,,,,,,,,,,,,,,,,,,,,,,,,,,,,,,,,,,,,,,,,,,,,,,,,,,
,,,,,,,,,,,,,,,,,,,,,,,,,,,,,,,,,,,,,,,,,,,,,,,,,,,
,,,,,,,,,,,,,,,,,,,,,,,,,,,,,,,,,,,,,,,,,,,,,,,,,,,
,,,,,,,,,,,,,,,,,,,,,,,,,,,,,,,,,,,,,,,,,,,,,,,,,,,
,,,,,,,,,,,,,,,,,,,,,,,,,,,,,,,,,,,,,,,,,,,,,,,,,,,
,,,,,,,,,,,,,,,,,,,,,,,,,,,,,,,,,,,,,,,,,,,,,,,,,,,
,,,,,,,,,,,,,,,,,,,,,,,,,,,,,,,,,,,,,,,,,,,,,,,,,,,
,,,,,,,,,,,,,,,,,,,,,,,,,,,,,,,,,,,,,,,,,,,,,,,,,,,
,,,,,,,,,,,,,,,,,,,,,,,,,,,,,,,,,,,,,,,,,,,,,,,,,,,
,,,,,,,,,,,,,,,,,,,,,,,,,,,,,,,,,,,,,,,,,,,,,,,,,,,
,,,,,,,,,,,,,,,,,,,,,,,,,,,,,,,,,,,,,,,,,,,,,,,,,,,
,,,,,,,,,,,,,,,,,,,,,,,,,,,,,,,,,,,,,,,,,,,,,,,,,,,
,,,,,,,,,,,,,,,,,,,,,,,,,,,,,,,,,,,,,,,,,,,,,,,,,,,
,,,,,,,,,,,,,,,,,,,,,,,,,,,,,,,,,,,,,,,,,,,,,,,,,,,
,,,,,,,,,,,,,,,,,,,,,,,,,,,,,,,,,,,,,,,,,,,,,,,,,,,
,,,,,,,,,,,,,,,,,,,,,,,,,,,,,,,,,,,,,,,,,,,,,,,,,,,
,,,,,,,,,,,,,,,,,,,,,,,,,,,,,,,,,,,,,,,,,,,,,,,,,,,
,,,,,,,,,,,,,,,,,,,,,,,,,,,,,,,,,,,,,,,,,,,,,,,,,,,
,,,,,,,,,,,,,,,,,,,,,,,,,,,,,,,,,,,,,,,,,,,,,,,,,,,
,,,,,,,,,,,,,,,,,,,,,,,,,,,,,,,,,,,,,,,,,,,,,,,,,,,
,,,,,,,,,,,,,,,,,,,,,,,,,,,,,,,,,,,,,,,,,,,,,,,,,,,
,,,,,,,,,,,,,,,,,,,,,,,,,,,,,,,,,,,,,,,,,,,,,,,,,,,
,,,,,,,,,,,,,,,,,,,,,,,,,,,,,,,,,,,,,,,,,,,,,,,,,,,
,,,,,,,,,,,,,,,,,,,,,,,,,,,,,,,,,,,,,,,,,,,,,,,,,,,
,,,,,,,,,,,,,,,,,,,,,,,,,,,,,,,,,,,,,,,,,,,,,,,,,,,
,,,,,,,,,,,,,,,,,,,,,,,,,,,,,,,,,,,,,,,,,,,,,,,,,,,
,,,,,,,,,,,,,,,,,,,,,,,,,,,,,,,,,,,,,,,,,,,,,,,,,,,
,,,,,,,,,,,,,,,,,,,,,,,,,,,,,,,,,,,,,,,,,,,,,,,,,,,
,,,,,,,,,,,,,,,,,,,,,,,,,,,,,,,,,,,,,,,,,,,,,,,,,,,
,,,,,,,,,,,,,,,,,,,,,,,,,,,,,,,,,,,,,,,,,,,,,,,,,,,
,,,,,,,,,,,,,,,,,,,,,,,,,,,,,,,,,,,,,,,,,,,,,,,,,,,
,,,,,,,,,,,,,,,,,,,,,,,,,,,,,,,,,,,,,,,,,,,,,,,,,,,
,,,,,,,,,,,,,,,,,,,,,,,,,,,,,,,,,,,,,,,,,,,,,,,,,,,
,,,,,,,,,,,,,,,,,,,,,,,,,,,,,,,,,,,,,,,,,,,,,,,,,,,
,,,,,,,,,,,,,,,,,,,,,,,,,,,,,,,,,,,,,,,,,,,,,,,,,,,
,,,,,,,,,,,,,,,,,,,,,,,,,,,,,,,,,,,,,,,,,,,,,,,,,,,
,,,,,,,,,,,,,,,,,,,,,,,,,,,,,,,,,,,,,,,,,,,,,,,,,,,
,,,,,,,,,,,,,,,,,,,,,,,,,,,,,,,,,,,,,,,,,,,,,,,,,,,
,,,,,,,,,,,,,,,,,,,,,,,,,,,,,,,,,,,,,,,,,,,,,,,,,,,
,,,,,,,,,,,,,,,,,,,,,,,,,,,,,,,,,,,,,,,,,,,,,,,,,,,
,,,,,,,,,,,,,,,,,,,,,,,,,,,,,,,,,,,,,,,,,,,,,,,,,,,
,,,,,,,,,,,,,,,,,,,,,,,,,,,,,,,,,,,,,,,,,,,,,,,,,,,
,,,,,,,,,,,,,,,,,,,,,,,,,,,,,,,,,,,,,,,,,,,,,,,,,,,
,,,,,,,,,,,,,,,,,,,,,,,,,,,,,,,,,,,,,,,,,,,,,,,,,,,
,,,,,,,,,,,,,,,,,,,,,,,,,,,,,,,,,,,,,,,,,,,,,,,,,,,
,,,,,,,,,,,,,,,,,,,,,,,,,,,,,,,,,,,,,,,,,,,,,,,,,,,
,,,,,,,,,,,,,,,,,,,,,,,,,,,,,,,,,,,,,,,,,,,,,,,,,,,
,,,,,,,,,,,,,,,,,,,,,,,,,,,,,,,,,,,,,,,,,,,,,,,,,,,
,,,,,,,,,,,,,,,,,,,,,,,,,,,,,,,,,,,,,,,,,,,,,,,,,,,
,,,,,,,,,,,,,,,,,,,,,,,,,,,,,,,,,,,,,,,,,,,,,,,,,,,
,,,,,,,,,,,,,,,,,,,,,,,,,,,,,,,,,,,,,,,,,,,,,,,,,,,
,,,,,,,,,,,,,,,,,,,,,,,,,,,,,,,,,,,,,,,,,,,,,,,,,,,
,,,,,,,,,,,,,,,,,,,,,,,,,,,,,,,,,,,,,,,,,,,,,,,,,,,
